,p_org_id,PersonNm,NAME,EIN,ntee_cat,TitleTxt,IndividualTrusteeOrDirectorInd,OfficerInd
779,36375,ADAM CLIFFORD,YOUNG MENS CHRISTIAN ASSOCIATION CORTLAND,150533570,(P) Human Services,BOARD MEMBER/PRESIDENT,X,X
771,76383,ADAM CLIFFORD,YMCA OF CORTLAND PROPERTIES INC,463376307,(P) Human Services,PRESIDENT,na,na
28,44725,ADAM MCCRACKEN,CIVIL SERVICE EMPLOYEES ASSOCIATION,161613155,no_NTEE,ICO,,
243,38548,ADELE FETTERLY,CORTLAND COUNTY BOARD REALTORS INC,160987063,no_NTEE,TREASURER,na,na
797,36391,ADRIANNE TRAUB,YOUNG WOMENS CHRISTIAN ASSOCIATION,150536617,(P) Human Services,BOARD MEMBER,X,na
76,60464,ALEX DUELL,BROCKWAY TRUCK PRESERVATION ASSOCIATION,261329102,"(A) Arts, Culture & Humanities",Trustee,na,na
170,38505,ALEXANDER VOITOVICH,CORTLAND COLLEGE FOUNDATION INC,160979814,no_NTEE,DIRECTOR,X,na
789,36391,ALICE ANDERSON,YOUNG WOMENS CHRISTIAN ASSOCIATION,150536617,(P) Human Services,BOARD MEMBER,X,na
737,42886,ALICE STARMER,THE GREAT CORTLAND PUMPKINFEST INC,161506254,(N) Recreation & Sports,VICE PRESIDENT,X,X
321,42170,ALICE STARMER,CORTLAND COUNTY CONVENTION & VISITORS BUREAU INC,161454737,(S) Community Improvement & Capacity Building,BOARD MEMBER,X,na
148,40572,ALICIA BENJAMIN,CORTLAND COLLEGE CHILDRENS CENTER,161292297,(P) Human Services,MEMBER,X,na
532,75520,ALICIA WHEATON,FRIENDS OF THE CORTLAND COUNTY CHILD ADVOCACY CENTER INC,462277341,(F) Mental Health & Crisis Intervention,TREASURER,na,na
39,29419,ALLAN PAVLICK,AUTOMOTIVE LIFT INSTITUTE INC,136162018,no_NTEE,Director,X,na
53,36518,ALLISON HALL,AUXILIARY SERVICES CORPORATION OF SUNY CORTLAND,150548524,(B) Education,DIRECTOR,X,na
212,38618,ALYSSA LABELLE,CORTLAND COLLEGE STUDENT ASSOCIATION,160998593,(B) Education,DIRECTOR OF PUBLIC RELATIONS,X,X
502,42213,AMANDA FUNK,FAMILY CONNECTION,161458794,(P) Human Services,BOARD MEMBER,X,na
457,38651,AMANDA HOPKO,CORTLAND REPERTORY THEATRE INC,161004610,no_NTEE,YOUTH MEMBER,X,na
387,39395,AMBER GIAMEI,CORTLAND HOUSING ASSISTANCE COUNCIL INC,161130177,(L) Housing & Shelter,Member,X,na
667,56342,AMEDEO GRECO,NATIONAL ACADEMY OF ARBITRATORS,237126791,no_NTEE,VICE PRESIDENT (PART YEAR),X,X
454,38651,AMY BERTINI,CORTLAND REPERTORY THEATRE INC,161004610,no_NTEE,GUILD CO-PRES,X,X
710,44509,AMY BUGGS,SEVEN VALLEYS HEALTH COALITION INC,161600893,(E) Health Care,BOARD MEMBER,X,na
96,38633,AMY DERITO -TREASURER,GREEK PEAK SKI CLUB INC,161000951,(N) Recreation & Sports,ICO,,
261,42239,AMY KREMENEK,CORTLAND COUNTY BUSINESS DEVELOPMENT CORPORATION,161461027,no_NTEE,DIRECTOR,X,na
266,35991,AMY THOMAS,CORTLAND COUNTY CHAMBER OF COMMERCE INC,150278960,no_NTEE,DIRECTOR,X,na
155,79913,AMY WINTERS CPA,WARRIORS OF THE CROSS,472550038,(W) Public & Societal Benefit,ICO,,
359,54486,ANDREA PIEDIGROSSI,CORTLAND COUNTY YOUTH SOCCER ASSOCIATION INC,223320358,no_NTEE,DIRECTOR OF REC,na,na
435,48247,ANDREA PIEDIGROSSI,CORTLAND REGIONAL SPORTS COUNCIL INC,201960550,(S) Community Improvement & Capacity Building,BOARD MEMBER,X,na
43,36518,ANDREA ROBINSON-KURETICH,AUXILIARY SERVICES CORPORATION OF SUNY CORTLAND,150548524,(B) Education,TREASURER,X,X
482,14649,ANDREW ADSIT,CORTLANDVILLE FIRE DEPARTMENT INCORPORATED,115227037,"(M) Public Safety, Disaster Preparedness & Relief",VICE-PRESIDENT,na,na
666,56342,ANDREW M STRONGIN,NATIONAL ACADEMY OF ARBITRATORS,237126791,no_NTEE,DIRECTOR (PART YEAR),X,na
481,14649,ANDREW NIVER,CORTLANDVILLE FIRE DEPARTMENT INCORPORATED,115227037,"(M) Public Safety, Disaster Preparedness & Relief",PRESIDENT,na,na
680,70345,ANDREW STRONGIN,NATIONAL ACADEMY OF ARBITRATORS RESEARCH & EDUCATION FOUNDATION,382613043,no_NTEE,DIRECTOR,X,na
743,45816,ANGELA HERRERA-CANFIELD,UNITED WAY FOR CORTLAND COUNTY INC,166058903,"(T) Philanthropy, Voluntarism & Grantmaking Foundations",Director,X,na
815,36391,ANGELA LOH,YOUNG WOMENS CHRISTIAN ASSOCIATION,150536617,(P) Human Services,Trustee-PRES,X,X
338,83650,ANNE ZARTARIAN,CORTLAND COUNTY SOCIETY FOR THE PREVENTION OF CRUELTY TO ANIMALS,510244203,(D) Animal-Related,BOARD,X,na
48,36518,ANNEKA BOWLER,AUXILIARY SERVICES CORPORATION OF SUNY CORTLAND,150548524,(B) Education,DIRECTOR,X,na
206,38618,ANNEKA BOWLER,CORTLAND COLLEGE STUDENT ASSOCIATION,160998593,(B) Education,PRESIDENT,X,X
12,18383,ANNETTE BENSON,1890 HOUSE MUSEUM AND CENTER FOR THE ARTS,132951986,"(A) Arts, Culture & Humanities",TREASURER,X,X
468,105037,ANTHONY CONTENTO,CORTLAND REUSE INC,853825876,(J) Employment,BOARD MEMBER,na,na
343,83650,ANTHONY DANNIBALE,CORTLAND COUNTY SOCIETY FOR THE PREVENTION OF CRUELTY TO ANIMALS,510244203,(D) Animal-Related,BOARD,X,na
171,38505,ANTHONY MOON,CORTLAND COLLEGE FOUNDATION INC,160979814,no_NTEE,DIRECTOR,X,na
297,38653,APRIL DENNISON,CORTLAND COUNTY COMMUNITY ACTION PROGRAM INC,161004653,(P) Human Services,BOARD MEMBER,X,na
14,43730,Alexandra Mikowski,ACCESS TO INDEPENDENCE OF CORTLAND COUNTY INC,161557965,(B) Education,Executive Director,na,X
594,36771,Andria L Smith,INTERNATIONAL UNION UNITED AUTO AEROSPACE & AGRICULTURAL WORKERS,150623052,no_NTEE,Trustee,X,X
96,43002,Angela Cavanaugh,CIVIL SERVICE EMPLOYEES ASSOCIATION,161513551,no_NTEE,President,na,na
611,38243,BARBARA ACKLEY,J M MURRAY CENTER INC,160919050,(J) Employment,EXECUTIVE VP,na,na
568,42349,BARBARA CLOSSON,HOSPICE FOUNDATION OF CORTLAND COUNTY INC,161468911,"(T) Philanthropy, Voluntarism & Grantmaking Foundations",President,X,X
798,36391,BARBARA HENZA,YOUNG WOMENS CHRISTIAN ASSOCIATION,150536617,(P) Human Services,BOARD MEMBER,X,na
67,36004,BARBARA TOMMEY,BENEVOLENT & PROTECTIVE ORDER OF ELKS OF THE USA,150298495,no_NTEE,PRESIDENT,na,X
172,38505,BARRY J THORNTON II,CORTLAND COLLEGE FOUNDATION INC,160979814,no_NTEE,DIRECTOR,X,na
11,115772,BARRY PRIMARY PTO TREASURER,BARRY PRIMARY PTO INC,922673272,(B) Education,ICO,,
106,59588,BARRY SANDS,KEYSTONE JUNIOR RODEO ASSOCIATION,251883648,(N) Recreation & Sports,ICO,,
156,43781,BECKY ROE TREAS,WESTERN NEW YORK OFFROAD ASSOC,161560250,(N) Recreation & Sports,ICO,,
527,35995,BEN BROOKS,FREE & ACCEPTED MASONS OF NEW YORK,150279245,no_NTEE,SECRETARY,na,X
628,58051,BEN HAMMOND,LIME HOLLOW NATURE CENTER INC,237339667,(C) Environment,BOARD MEMBER,X,na
275,35991,BEN OCHS,CORTLAND COUNTY CHAMBER OF COMMERCE INC,150278960,no_NTEE,VICE CHAIR,X,X
330,36546,BEN WELLS,CORTLAND COUNTY HISTORICAL SOCIETY -INC-,150555683,"(A) Arts, Culture & Humanities",Trustee,X,na
681,70345,BETTY WIDGEON,NATIONAL ACADEMY OF ARBITRATORS RESEARCH & EDUCATION FOUNDATION,382613043,no_NTEE,DIRECTOR,X,na
599,38243,BILLI GIZZI,J M MURRAY CENTER INC,160919050,(J) Employment,DIRECTOR,X,na
292,38653,BILLIE MACNABB,CORTLAND COUNTY COMMUNITY ACTION PROGRAM INC,161004653,(P) Human Services,BOARD VICE-PRESIDENT,X,X
736,42886,BILLIE MACNABB,THE GREAT CORTLAND PUMPKINFEST INC,161506254,(N) Recreation & Sports,SECRETARY,X,X
469,105037,BOB BONAGURA,CORTLAND REUSE INC,853825876,(J) Employment,BOARD MEMBER,na,na
429,48247,BOB HAIGHT,CORTLAND REGIONAL SPORTS COUNCIL INC,201960550,(S) Community Improvement & Capacity Building,BOARD MEMBER,X,na
636,58051,BOB MARTIN,LIME HOLLOW NATURE CENTER INC,237339667,(C) Environment,BOARD MEMBER,X,na
374,36601,BONNIE HAINES,CORTLAND FREE LIBRARY INC,150569362,(B) Education,Trustee,X,na
805,36391,BONNY RENNER,YOUNG WOMENS CHRISTIAN ASSOCIATION,150536617,(P) Human Services,BOARD MEMBER,X,na
103,68742,BONNY RENNER,CORTLAND AREA COMMUNITIES THAT CARE COALITION,342064367,(P) Human Services,Director,X,na
418,51769,BRADLEY TOTMAN,CORTLAND MEMORIAL FOUNDATION IND C O CORTLAND MEMORIAL HOSPITAL INC,222230692,(E) Health Care,TREASURER - DIRECTOR,X,X
546,36287,BRANDON JOHNSON,GUTHRIE CORTLAND MEDICAL CENTER,150532079,(E) Health Care,SR. DIR LONG TERM CARE,na,na
151,50048,BRENDA ALLEN,UNITED STATES BOWLING CONGRESS INC,204916565,(N) Recreation & Sports,ICO,,
149,40572,BRENDA CHAFFEE,CORTLAND COLLEGE CHILDRENS CENTER,161292297,(P) Human Services,TREASURER,X,X
263,42239,BRENDAN O BRYAN,CORTLAND COUNTY BUSINESS DEVELOPMENT CORPORATION,161461027,no_NTEE,EXECUTIVE DIRECTOR,na,X
40,29419,BRIAN SPIKES,AUTOMOTIVE LIFT INSTITUTE INC,136162018,no_NTEE,Director,X,na
644,60788,BRITTNEY GALLUTZ,LITTLE LEAGUE BASEBALL INC,261684182,no_NTEE,SECRETARY,na,na
494,51988,BROOKE PRESTON,DISABLED VETS OF CORTLAND COUNTY,222315953,(W) Public & Societal Benefit,SECRETARY,na,X
135,59403,BRUCE D KING,ROYAL ARCH MASONS OF NEW YORK GRAND CHAPTER,237591356,no_NTEE,ICO,,
379,36601,BRYAN RICCARDI,CORTLAND FREE LIBRARY INC,150569362,(B) Education,Trustee,X,na
18,43730,Barbara Morris,ACCESS TO INDEPENDENCE OF CORTLAND COUNTY INC,161557965,(B) Education,Board Member,X,na
480,35994,Brian Bosch,CORTLAND RURAL CEMETERY,150279170,no_NTEE,Vice President,X,X
592,36771,Brian K Heisner,INTERNATIONAL UNION UNITED AUTO AEROSPACE & AGRICULTURAL WORKERS,150623052,no_NTEE,Sergeant at Arms,na,X
98,50490,C-O PAT LANG,HELPING HANDS CARING HEART INC,205564238,(O) Youth Development,ICO,,
29,52992,C/O CORTLAND COUNTY AAA,COALITION OF CENTER COUNCIL OF CORTLAND COUNTY INCORPORATED,222543830,no_NTEE,ICO,,
68,85601,C/O CORTLAND ENLARGED SCHOOL DIST,CORTLAND PUBLIC EDUCATION FOUNDATION INCORPORATED,571215619,"(T) Philanthropy, Voluntarism & Grantmaking Foundations",ICO,,
423,51769,CAITLIN MCKILLOP,CORTLAND MEMORIAL FOUNDATION IND C O CORTLAND MEMORIAL HOSPITAL INC,222230692,(E) Health Care,DIRECTOR,X,na
342,83650,CALLYN PYHTILA,CORTLAND COUNTY SOCIETY FOR THE PREVENTION OF CRUELTY TO ANIMALS,510244203,(D) Animal-Related,SECRETARY,X,X
649,60788,CAMERON WOODARD,LITTLE LEAGUE BASEBALL INC,261684182,no_NTEE,YOUTH BUREAU REPRESENTATIVE,na,na
811,36391,CAMILLA MORGAN,YOUNG WOMENS CHRISTIAN ASSOCIATION,150536617,(P) Human Services,President,X,X
728,42886,CANDICE ROZANSKY,THE GREAT CORTLAND PUMPKINFEST INC,161506254,(N) Recreation & Sports,BD MEMBER,X,na
173,38505,CANDY ALTMAN,CORTLAND COLLEGE FOUNDATION INC,160979814,no_NTEE,SECRETARY,X,X
203,51353,CANDY ALTMAN,CORTLAND COLLEGE FOUNDATIONPROPERTIES INC,208746984,(S) Community Improvement & Capacity Building,SECRETARY,X,X
282,39681,CAREY PETERS,CORTLAND COUNTY CHILD DEVELOPMENT DAY CARE PROGRAM INC,161167492,(P) Human Services,Director,X,na
126,36212,CARL GAMBITTA,CORTLAND COLLEGE ALUMNI ASS INC,150508031,no_NTEE,DIRECTOR,X,na
718,39411,CARLA BISHOP,STATEWIDE COUNTRY MUSIC ASSOCIATION INC,161132390,"(A) Arts, Culture & Humanities",BYLAWS ADVOCATE,X,na
701,44509,CARLY DOUGHERTY,SEVEN VALLEYS HEALTH COALITION INC,161600893,(E) Health Care,SECRETARY/TREASURER,X,na
311,42170,CARLY DOUGHTERY,CORTLAND COUNTY CONVENTION & VISITORS BUREAU INC,161454737,(S) Community Improvement & Capacity Building,BOARD MEMBER,X,na
489,57460,CAROL FITZGERALD,CULTURAL COUNCIL OF CORTLAND COUNTY INC,237269008,no_NTEE,EXECUTIVE DI,na,na
813,36391,CAROL JANIK,YOUNG WOMENS CHRISTIAN ASSOCIATION,150536617,(P) Human Services,Trustee,X,na
809,36391,CAROL VAN DER KARR,YOUNG WOMENS CHRISTIAN ASSOCIATION,150536617,(P) Human Services,BOARD MEMBER,X,na
81,949,CAROL WHITMARSH,DISABLED AMERICAN VETERANS AUXILIARY INC,30469943,no_NTEE,ICO,,
734,42886,CARRIE KNIGHT,THE GREAT CORTLAND PUMPKINFEST INC,161506254,(N) Recreation & Sports,TREASURER,X,X
385,39395,CARRIE KNIGHT,CORTLAND HOUSING ASSISTANCE COUNCIL INC,161130177,(L) Housing & Shelter,MEMBER,X,na
150,40572,CASEY AVERY,CORTLAND COLLEGE CHILDRENS CENTER,161292297,(P) Human Services,SECRETARY,X,X
788,36391,CATHY BISCHOFF,YOUNG WOMENS CHRISTIAN ASSOCIATION,150536617,(P) Human Services,BOARD MEMBER,X,na
110,68742,CATHY BISHOFF,CORTLAND AREA COMMUNITIES THAT CARE COALITION,342064367,(P) Human Services,Director,X,na
500,42213,CATHY KENNEY,FAMILY CONNECTION,161458794,(P) Human Services,Treasurer,X,X
526,35995,CHARLES A DELLOW,FREE & ACCEPTED MASONS OF NEW YORK,150279245,no_NTEE,TRUSTEE,X,na
328,36546,CHARLES JERMY III,CORTLAND COUNTY HISTORICAL SOCIETY -INC-,150555683,"(A) Arts, Culture & Humanities",Trustee,X,na
333,36546,CHARLES JERMY JR,CORTLAND COUNTY HISTORICAL SOCIETY -INC-,150555683,"(A) Arts, Culture & Humanities",President,X,X
235,35992,CHARLES SCRIMALE,CORTLAND COUNTRY CLUB INC,150279005,no_NTEE,Treasurer,X,X
640,58051,CHELSEA GUY,LIME HOLLOW NATURE CENTER INC,237339667,(C) Environment,BOARD MEMBER,X,na
337,83650,CHERYL HICKS,CORTLAND COUNTY SOCIETY FOR THE PREVENTION OF CRUELTY TO ANIMALS,510244203,(D) Animal-Related,TREASURER,X,X
573,42349,CHRIS CECCONI,HOSPICE FOUNDATION OF CORTLAND COUNTY INC,161468911,"(T) Philanthropy, Voluntarism & Grantmaking Foundations",Director,X,na
362,49695,CHRIS HOTCHKISS,CORTLAND DOWNTOWN PARTNERSHIP INC,204296071,"(A) Arts, Culture & Humanities",SECRETARY,X,X
726,42886,CHRIS MERKLEY,THE GREAT CORTLAND PUMPKINFEST INC,161506254,(N) Recreation & Sports,BD MEMBER,X,na
772,36375,CHRIS RYAN,YOUNG MENS CHRISTIAN ASSOCIATION CORTLAND,150533570,(P) Human Services,BOARD MEMBER (PART YEAR),X,na
742,45816,CHRISTELLA YONTA,UNITED WAY FOR CORTLAND COUNTY INC,166058903,"(T) Philanthropy, Voluntarism & Grantmaking Foundations",Executive Dir.,X,X
702,44509,CHRISTELLA YONTA,SEVEN VALLEYS HEALTH COALITION INC,161600893,(E) Health Care,CHAIR/MEMBER/VICE CHAIR,X,X
504,42213,CHRISTINE BARON,FAMILY CONNECTION,161458794,(P) Human Services,BOARD MEMEBER,X,na
288,39681,CHRISTINE FERRARO,CORTLAND COUNTY CHILD DEVELOPMENT DAY CARE PROGRAM INC,161167492,(P) Human Services,Chairman,X,X
441,38651,CHRISTINE GREGORY,CORTLAND REPERTORY THEATRE INC,161004610,no_NTEE,BOARD MEMBER,X,na
101,86457,CHRISTINE L WIDDALL,HONOR SOCIETY OF PHI KAPPA PHI,621783876,(B) Education,ICO,,
164,38505,CHRISTOPHER GRADY,CORTLAND COLLEGE FOUNDATION INC,160979814,no_NTEE,DIRECTOR,X,na
100,44075,CHRISTOPHER GUAY,HOMER SCHOOL ATHLETIC BOOSTER CLUB,161576899,(N) Recreation & Sports,ICO,,
670,56342,CHRISTOPHER J ALBERTYN,NATIONAL ACADEMY OF ARBITRATORS,237126791,no_NTEE,DIRECTOR,X,na
151,40572,CHRISTOPHER KURETICH,CORTLAND COLLEGE CHILDRENS CENTER,161292297,(P) Human Services,MEMBER,X,na
169,38505,CHRISTOPHER ORTEGA,CORTLAND COLLEGE FOUNDATION INC,160979814,no_NTEE,DIRECTOR,X,na
699,114354,CHRISTOPHER PAULSEN,SEAHORSE FOUNDATION INC,920495583,(S) Community Improvement & Capacity Building,Treasurer,na,na
529,35995,CHRISTOPHER R JENNEY,FREE & ACCEPTED MASONS OF NEW YORK,150279245,no_NTEE,MASTER,na,X
152,40572,CHRISTOPHER VALENTI,CORTLAND COLLEGE CHILDRENS CENTER,161292297,(P) Human Services,MEMBER,X,na
773,36375,CHUCK FEISZLI,YOUNG MENS CHRISTIAN ASSOCIATION CORTLAND,150533570,(P) Human Services,BOARD MEMBER (PART YEAR),X,na
252,42239,CLINT BROOKS,CORTLAND COUNTY BUSINESS DEVELOPMENT CORPORATION,161461027,no_NTEE,SECRETARY,X,X
77,110354,CLINT MORSE,CROWN CITY WRESTLING CLUB,880739674,(N) Recreation & Sports,ICO,,
417,51769,CLINTON BROOKS,CORTLAND MEMORIAL FOUNDATION IND C O CORTLAND MEMORIAL HOSPITAL INC,222230692,(E) Health Care,SECRETARY - DIRECTOR,X,X
528,35995,CLINTON BROOKS,FREE & ACCEPTED MASONS OF NEW YORK,150279245,no_NTEE,TREASURER,na,X
134,35993,CLUB PRESIDENT,ROTARY INTERNATIONAL,150279165,no_NTEE,ICO,,
750,45816,COLBY REAGAN,UNITED WAY FOR CORTLAND COUNTY INC,166058903,"(T) Philanthropy, Voluntarism & Grantmaking Foundations",Director,X,na
134,36212,COLLEEN FITZPATRICK NAPORA,CORTLAND COLLEGE ALUMNI ASS INC,150508031,no_NTEE,DIRECTOR,X,na
145,36212,COREY MORRIS,CORTLAND COLLEGE ALUMNI ASS INC,150508031,no_NTEE,DIRECTOR,X,na
61,78531,CORTLAND ENLARGED CITY SCHOOL,CORTLAND JR SR HIGH SCHOOL MUSIC BOOSTERS CLUB,471113444,(B) Education,ICO,,
407,85551,CORTNEY LOWIE,CORTLAND MAIN STREET MUSIC SERIES,571176369,"(A) Arts, Culture & Humanities",SECRETARY,na,na
484,14649,COURTNEY METCALF,CORTLANDVILLE FIRE DEPARTMENT INCORPORATED,115227037,"(M) Public Safety, Disaster Preparedness & Relief",SECRETARY,na,na
703,44509,CRAIG LITTLE,SEVEN VALLEYS HEALTH COALITION INC,161600893,(E) Health Care,VICE CHAIR (PART YEAR),X,X
363,49695,CYNTHIA GUY,CORTLAND DOWNTOWN PARTNERSHIP INC,204296071,"(A) Arts, Culture & Humanities",DIRECTOR,X,na
24,43730,Christina Carden,ACCESS TO INDEPENDENCE OF CORTLAND COUNTY INC,161557965,(B) Education,Board Secretary,X,X
16,43730,Christina Taranto,ACCESS TO INDEPENDENCE OF CORTLAND COUNTY INC,161557965,(B) Education,Board Member,X,na
616,59588,Christopher Darrup,KEYSTONE JUNIOR RODEO ASSOCIATION,251883648,(N) Recreation & Sports,Vice President,na,na
591,36771,Christopher Fish,INTERNATIONAL UNION UNITED AUTO AEROSPACE & AGRICULTURAL WORKERS,150623052,no_NTEE,Vice President,na,X
22,43730,Conni Bentley,ACCESS TO INDEPENDENCE OF CORTLAND COUNTY INC,161557965,(B) Education,Board Member,X,na
614,108324,DALE DAVIS,J M MURRAY FOUNDATION INC,872094810,(P) Human Services,SERETARY/TREASURER,X,X
105,108324,DALE E DAVIS,J M MURRAY FOUNDATION INC,872094810,(P) Human Services,ICO,,
646,60788,DAN CONDON,LITTLE LEAGUE BASEBALL INC,261684182,no_NTEE,SAFETY OFFICER,na,na
11,18383,DAN HORN,1890 HOUSE MUSEUM AND CENTER FOR THE ARTS,132951986,"(A) Arts, Culture & Humanities",BD MEMBER,X,X
682,70345,DAN NIELSEN,NATIONAL ACADEMY OF ARBITRATORS RESEARCH & EDUCATION FOUNDATION,382613043,no_NTEE,SECRETARY-TREASURER ELECT,X,X
56,36518,DANIEL CONDON,AUXILIARY SERVICES CORPORATION OF SUNY CORTLAND,150548524,(B) Education,ASSISTANT DIRECTOR,na,na
658,56342,DANIEL J NIELSEN,NATIONAL ACADEMY OF ARBITRATORS,237126791,no_NTEE,SECRETARY/TREASURER ELECT,X,X
130,36212,DANIEL MARTUSCELLO,CORTLAND COLLEGE ALUMNI ASS INC,150508031,no_NTEE,DIRECTOR,X,na
490,98817,DANIEL MCNEIL,DAN AND ROSE MCNEIL FOUNDATION INC,833255297,"(A) Arts, Culture & Humanities",DIRECTOR,na,na
163,38505,DANIEL SCHEFFER,CORTLAND COLLEGE FOUNDATION INC,160979814,no_NTEE,DIRECTOR,X,na
497,42213,DANIEL STEVENS,FAMILY CONNECTION,161458794,(P) Human Services,Executive Dir.,na,X
112,36212,DANIEL WALKER,CORTLAND COLLEGE ALUMNI ASS INC,150508031,no_NTEE,PRESIDENT,X,X
271,35991,DANILLE BROWN,CORTLAND COUNTY CHAMBER OF COMMERCE INC,150278960,no_NTEE,DIRECTOR,X,na
268,35991,DANILLE BROWN,CORTLAND COUNTY CHAMBER OF COMMERCE INC,150278960,no_NTEE,DIRECTOR,X,na
459,38651,DANN GAILOR,CORTLAND REPERTORY THEATRE INC,161004610,no_NTEE,BOARD MEMBER,X,na
562,36287,DARLENE LATTEN,GUTHRIE CORTLAND MEDICAL CENTER,150532079,(E) Health Care,DIRECTOR,X,na
556,36287,DARSHAN PATEL MD,GUTHRIE CORTLAND MEDICAL CENTER,150532079,(E) Health Care,DIRECTOR,X,na
413,51769,DARSHAN PATEL MD,CORTLAND MEMORIAL FOUNDATION IND C O CORTLAND MEMORIAL HOSPITAL INC,222230692,(E) Health Care,DIRECTOR,X,na
431,48247,DAVE BASILE,CORTLAND REGIONAL SPORTS COUNCIL INC,201960550,(S) Community Improvement & Capacity Building,BOARD MEMBER,X,na
635,58051,DAVID BARCLAY,LIME HOLLOW NATURE CENTER INC,237339667,(C) Environment,BOARD MEMBER,X,na
488,57460,DAVID BEALE,CULTURAL COUNCIL OF CORTLAND COUNTY INC,237269008,no_NTEE,TREASURER,na,na
103,36771,DAVID BLOCK,INTERNATIONAL UNION UNITED AUTO AEROSPACE & AGRICULTURAL WORKERS,150623052,no_NTEE,ICO,,
357,54486,DAVID BORDWELL,CORTLAND COUNTY YOUTH SOCCER ASSOCIATION INC,223320358,no_NTEE,President,na,na
626,58051,DAVID BOSWORTH,LIME HOLLOW NATURE CENTER INC,237339667,(C) Environment,BOARD MEMBER,X,na
145,99560,DAVID C ROLLINSON,THE CHAPEL,834307973,no_NTEE,ICO,,
174,38505,DAVID KRONMAN,CORTLAND COLLEGE FOUNDATION INC,160979814,no_NTEE,DIRECTOR,X,na
491,98817,DAVID MCNEIL,DAN AND ROSE MCNEIL FOUNDATION INC,833255297,"(A) Arts, Culture & Humanities",TREASURER,na,na
781,36375,DAVID PEPPEL,YOUNG MENS CHRISTIAN ASSOCIATION CORTLAND,150533570,(P) Human Services,BOARD MEMBER/SECRETARY,X,X
770,76383,DAVID PEPPEL,YMCA OF CORTLAND PROPERTIES INC,463376307,(P) Human Services,SECRETARY,na,na
202,51353,DAVID TURYBURY,CORTLAND COLLEGE FOUNDATIONPROPERTIES INC,208746984,(S) Community Improvement & Capacity Building,VICE CHAIR,X,X
175,38505,DAVID TURYBURY,CORTLAND COLLEGE FOUNDATION INC,160979814,no_NTEE,VICE CHAIR,X,X
678,56342,DAVID W STANTON,NATIONAL ACADEMY OF ARBITRATORS,237126791,no_NTEE,DIRECTOR,X,na
683,70345,DAVID WEINBERG,NATIONAL ACADEMY OF ARBITRATORS RESEARCH & EDUCATION FOUNDATION,382613043,no_NTEE,DIRECTOR,X,na
555,36287,DAVID WIRTZ MD,GUTHRIE CORTLAND MEDICAL CENTER,150532079,(E) Health Care,DIRECTOR,X,na
144,48657,DBA CORTLAND CHAPTER,SUNY CORTLAND,202627486,no_NTEE,ICO,,
227,47554,DEAN SMITH,CORTLAND COMMUNITY SERVICE CLUB INC,200809584,"(T) Philanthropy, Voluntarism & Grantmaking Foundations",President,na,na
807,36391,DEB WINES,YOUNG WOMENS CHRISTIAN ASSOCIATION,150536617,(P) Human Services,BOARD MEMBER,X,na
32,68742,DEBORAH KING,CORTLAND AREA COMMUNITIES THAT CARE COALITION,342064367,(P) Human Services,ICO,,
332,36546,DEIRDRE JOYCE,CORTLAND COUNTY HISTORICAL SOCIETY -INC-,150555683,"(A) Arts, Culture & Humanities",Secretary,X,X
176,38505,DIANA ABDOO LAWSON,CORTLAND COLLEGE FOUNDATION INC,160979814,no_NTEE,DIRECTOR,X,na
639,58051,DIANE HIGGINS,LIME HOLLOW NATURE CENTER INC,237339667,(C) Environment,Treasurer,X,X
142,36212,DIANE VECCHIO,CORTLAND COLLEGE ALUMNI ASS INC,150508031,no_NTEE,DIRECTOR,X,na
104,68742,DIANE WHEATON,CORTLAND AREA COMMUNITIES THAT CARE COALITION,342064367,(P) Human Services,Treasurer,X,X
449,38651,DIANNE GALUTZ,CORTLAND REPERTORY THEATRE INC,161004610,no_NTEE,GUILD CO-PRES,X,X
571,42349,DIANNE HIGGINS,HOSPICE FOUNDATION OF CORTLAND COUNTY INC,161468911,"(T) Philanthropy, Voluntarism & Grantmaking Foundations",Treasurer,X,X
230,47554,DICK PENOYER,CORTLAND COMMUNITY SERVICE CLUB INC,200809584,"(T) Philanthropy, Voluntarism & Grantmaking Foundations",Vice President,na,na
386,39395,DJ VanGorder,CORTLAND HOUSING ASSISTANCE COUNCIL INC,161130177,(L) Housing & Shelter,Vice President,X,X
259,42239,DON RICHARDS,CORTLAND COUNTY BUSINESS DEVELOPMENT CORPORATION,161461027,no_NTEE,DIRECTOR,X,na
520,38462,DONALD BOWERSOX,FAMILY COUNSELING SERVICES OF CORTLAND COUNTY INC,160975006,(F) Mental Health & Crisis Intervention,BOARD MEMBER,X,na
177,38505,DONALD C ARMSTRONG,CORTLAND COLLEGE FOUNDATION INC,160979814,no_NTEE,DIRECTOR,X,na
228,47554,DONALD REED,CORTLAND COMMUNITY SERVICE CLUB INC,200809584,"(T) Philanthropy, Voluntarism & Grantmaking Foundations",Treasurer,na,na
25,40784,DONNA M RAYMOND,CIVIL SERVICE EMPLOYEES ASSOCIATION,161320069,no_NTEE,ICO,,
127,36212,DONTE HEWLETT,CORTLAND COLLEGE ALUMNI ASS INC,150508031,no_NTEE,DIRECTOR,X,na
518,38462,DORI CHURCH,FAMILY COUNSELING SERVICES OF CORTLAND COUNTY INC,160975006,(F) Mental Health & Crisis Intervention,BOARD MEMBER,X,na
446,38651,DOROTHEA FOWLER,CORTLAND REPERTORY THEATRE INC,161004610,no_NTEE,BOARD MEMBER,X,na
178,38505,DOROTHEA KREIG FOWLER,CORTLAND COLLEGE FOUNDATION INC,160979814,no_NTEE,DIRECTOR,X,na
721,39411,DOROTHY CARR,STATEWIDE COUNTRY MUSIC ASSOCIATION INC,161132390,"(A) Arts, Culture & Humanities",CO-MANAGING DIRECTOR,X,na
424,51769,DOROTHY TROIKE,CORTLAND MEMORIAL FOUNDATION IND C O CORTLAND MEMORIAL HOSPITAL INC,222230692,(E) Health Care,DIRECTOR,X,na
37,29419,DOUG BROWN,AUTOMOTIVE LIFT INSTITUTE INC,136162018,no_NTEE,Chairman,X,X
607,38243,DOUG DERANCY,J M MURRAY CENTER INC,160919050,(J) Employment,DIRECTOR,X,na
295,38653,DOUGLAS BENTLEY,CORTLAND COUNTY COMMUNITY ACTION PROGRAM INC,161004653,(P) Human Services,BOARD MEMBER,X,na
32,36701,DOUGLAS BROWN,AMERICAN LEGION,150610966,no_NTEE,2ND VICE,na,X
85,60464,Darrel Whitman,BROCKWAY TRUCK PRESERVATION ASSOCIATION,261329102,"(A) Arts, Culture & Humanities",Vice President,na,na
581,36771,David A Block,INTERNATIONAL UNION UNITED AUTO AEROSPACE & AGRICULTURAL WORKERS,150623052,no_NTEE,Financial,na,X
623,59588,David Snyder,KEYSTONE JUNIOR RODEO ASSOCIATION,251883648,(N) Recreation & Sports,Director,na,na
369,36601,Diane M Ames,CORTLAND FREE LIBRARY INC,150569362,(B) Education,Trustee,X,na
21,43730,Dorothy Dumond,ACCESS TO INDEPENDENCE OF CORTLAND COUNTY INC,161557965,(B) Education,Board Member,X,na
376,36601,Dr Mark Martin,CORTLAND FREE LIBRARY INC,150569362,(B) Education,Trustee,X,na
153,40572,EAMON O SHEA,CORTLAND COLLEGE CHILDRENS CENTER,161292297,(P) Human Services,CHAIR,X,X
551,36287,EDWARD BENDER,GUTHRIE CORTLAND MEDICAL CENTER,150532079,(E) Health Care,RADIATION PHYSICIST,na,na
717,39411,EDWARD KOWALSKI,STATEWIDE COUNTRY MUSIC ASSOCIATION INC,161132390,"(A) Arts, Culture & Humanities",PRESIDENT,na,X
116,111894,EDWARD M TOTH,MARSB INCORPORATED,883196049,(C) Environment,ICO,,
105,68742,EHREN BAHNS,CORTLAND AREA COMMUNITIES THAT CARE COALITION,342064367,(P) Human Services,Director,X,na
509,38462,EILEEN FITZGERALD-SPIEHS,FAMILY COUNSELING SERVICES OF CORTLAND COUNTY INC,160975006,(F) Mental Health & Crisis Intervention,BOARD MEMBER,X,na
535,86217,ELAINE SMITH,GRANGE PATRONS OF HUSBANDRY NEW YORK STATE GRANGE INC,611699456,no_NTEE,VICE PRESIDE,na,X
336,36546,ELIZABETH BURNS,CORTLAND COUNTY HISTORICAL SOCIETY -INC-,150555683,"(A) Arts, Culture & Humanities",Trustee,X,na
90,94574,ELIZABETH M COLE,FRIENDS OF THE CORTLAND FREE LIBRARY,823162028,(W) Public & Societal Benefit,ICO,,
637,58051,ELIZABETH SHARP,LIME HOLLOW NATURE CENTER INC,237339667,(C) Environment,BOARD MEMBER,X,na
684,70345,ELIZABETH WESMAN,NATIONAL ACADEMY OF ARBITRATORS RESEARCH & EDUCATION FOUNDATION,382613043,no_NTEE,DIRECTOR,X,na
300,38653,ELLA DILORIO,CORTLAND COUNTY COMMUNITY ACTION PROGRAM INC,161004653,(P) Human Services,BOARD MEMBER,X,na
782,36375,ELLEN RAHNER,YOUNG MENS CHRISTIAN ASSOCIATION CORTLAND,150533570,(P) Human Services,BOARD MEMBER,X,na
57,36004,EMILY MARCHENKOFF,BENEVOLENT & PROTECTIVE ORDER OF ELKS OF THE USA,150298495,no_NTEE,TREASURER,na,X
283,39681,EMILY MORSE,CORTLAND COUNTY CHILD DEVELOPMENT DAY CARE PROGRAM INC,161167492,(P) Human Services,Director,X,na
215,38618,EMILY SOMMER,CORTLAND COLLEGE STUDENT ASSOCIATION,160998593,(B) Education,SECRETARY,X,X
207,38618,EMMA CRANSTON,CORTLAND COLLEGE STUDENT ASSOCIATION,160998593,(B) Education,VICE PRESIDENT,X,X
49,36518,EMMA CRANTSON,AUXILIARY SERVICES CORPORATION OF SUNY CORTLAND,150548524,(B) Education,DIRECTOR,X,na
559,36287,ERIC BOYLAN,GUTHRIE CORTLAND MEDICAL CENTER,150532079,(E) Health Care,DIRECTOR,X,na
560,36287,ERIC BROWN,GUTHRIE CORTLAND MEDICAL CENTER,150532079,(E) Health Care,DIRECTOR,X,na
269,35991,ERIC BROWN,CORTLAND COUNTY CHAMBER OF COMMERCE INC,150278960,no_NTEE,DIRECTOR,X,na
154,40572,ERIC COMTOIS,CORTLAND COLLEGE CHILDRENS CENTER,161292297,(P) Human Services,MEMBER,X,na
731,42886,ERIC MULVHILL,THE GREAT CORTLAND PUMPKINFEST INC,161506254,(N) Recreation & Sports,BD MEMBER,X,na
313,42170,ERIC MULVIHILL,CORTLAND COUNTY CONVENTION & VISITORS BUREAU INC,161454737,(S) Community Improvement & Capacity Building,President,X,X
197,38505,ERIK BITTERBAUM,CORTLAND COLLEGE FOUNDATION INC,160979814,no_NTEE,DIRECTOR,X,na
746,45816,ERIK BITTERBAUM,UNITED WAY FOR CORTLAND COUNTY INC,166058903,"(T) Philanthropy, Voluntarism & Grantmaking Foundations",Director,X,na
120,36212,ERIK BITTERBAUM,CORTLAND COLLEGE ALUMNI ASS INC,150508031,no_NTEE,DIRECTOR,X,na
10,36518,ERIKA DEAN,AUXILIARY SERVICES CORPORATION OF SUNY CORTLAND,150548524,(B) Education,ICO,,
147,36212,ERIN BOYLAN,CORTLAND COLLEGE ALUMNI ASS INC,150508031,no_NTEE,EXECUTIVE DIRECTOR,na,X
648,60788,ERIN GOSSE,LITTLE LEAGUE BASEBALL INC,261684182,no_NTEE,CONCESSION DIRECTOR,na,na
350,58859,ERIN GRAY,CORTLAND COUNTY YOUTH HOCKEY ASSOCIATION INC,237424765,(N) Recreation & Sports,FUNDRAISING,na,na
146,36212,ERIN NORRIS,CORTLAND COLLEGE ALUMNI ASS INC,150508031,no_NTEE,DIRECTOR,X,na
405,85551,ERNEST CASE,CORTLAND MAIN STREET MUSIC SERIES,571176369,"(A) Arts, Culture & Humanities",PRESIDENT,na,na
613,108324,ERNEST DODGE,J M MURRAY FOUNDATION INC,872094810,(P) Human Services,VICE PRESIDENT,X,X
179,38505,ERNEST LOGAN,CORTLAND COLLEGE FOUNDATION INC,160979814,no_NTEE,DIRECTOR,X,na
601,38243,ERNEST M DODGE,J M MURRAY CENTER INC,160919050,(J) Employment,PRESIDENT AND CEO,X,X
239,35992,ERNIE DODGE,CORTLAND COUNTRY CLUB INC,150279005,no_NTEE,President,X,X
720,39411,ESTER KENTCH,STATEWIDE COUNTRY MUSIC ASSOCIATION INC,161132390,"(A) Arts, Culture & Humanities",CO-MANAGING DIRECTOR,X,na
730,42886,ESTHER VANGORDER,THE GREAT CORTLAND PUMPKINFEST INC,161506254,(N) Recreation & Sports,BD MEMBER,X,na
383,36601,EUGENE WALDBAUER,CORTLAND FREE LIBRARY INC,150569362,(B) Education,Trustee,X,na
131,47424,EUGENIA CUTE,PURR FECT WORLD INC,200602518,(D) Animal-Related,ICO,,
361,49695,EVAN GEIBEL,CORTLAND DOWNTOWN PARTNERSHIP INC,204296071,"(A) Arts, Culture & Humanities",PRESIDENT,X,X
273,35991,EVAN RAMIZA,CORTLAND COUNTY CHAMBER OF COMMERCE INC,150278960,no_NTEE,VICE CHAIR AND TRESURER,X,X
756,45816,EVAN RAMIZA,UNITED WAY FOR CORTLAND COUNTY INC,166058903,"(T) Philanthropy, Voluntarism & Grantmaking Foundations",1st VP,X,X
264,35991,EVAN SOUZA,CORTLAND COUNTY CHAMBER OF COMMERCE INC,150278960,no_NTEE,DIRECTOR,X,na
576,42349,EVELYN SAMMONS,HOSPICE FOUNDATION OF CORTLAND COUNTY INC,161468911,"(T) Philanthropy, Voluntarism & Grantmaking Foundations",Director,X,na
75,60464,Eric Sweet,BROCKWAY TRUCK PRESERVATION ASSOCIATION,261329102,"(A) Arts, Culture & Humanities",Secretary,na,na
593,36771,Ezekiel M Phoenix,INTERNATIONAL UNION UNITED AUTO AEROSPACE & AGRICULTURAL WORKERS,150623052,no_NTEE,Sergeant at Arms,na,X
752,45816,F MICHAEL CATALANO,UNITED WAY FOR CORTLAND COUNTY INC,166058903,"(T) Philanthropy, Voluntarism & Grantmaking Foundations",Director,X,na
113,36212,FLOSSIE BELL LOMAX,CORTLAND COLLEGE ALUMNI ASS INC,150508031,no_NTEE,VICE PRESIDENT,X,X
630,58051,FORREST EARL,LIME HOLLOW NATURE CENTER INC,237339667,(C) Environment,President,X,X
327,36546,FRAN CASULLO,CORTLAND COUNTY HISTORICAL SOCIETY -INC-,150555683,"(A) Arts, Culture & Humanities",Trustee,X,na
544,36287,FRANCIS M MACAFEE,GUTHRIE CORTLAND MEDICAL CENTER,150532079,(E) Health Care,CFO (7/1/22-12/31/22),na,X
180,38505,FRANCIS ROSSI,CORTLAND COLLEGE FOUNDATION INC,160979814,no_NTEE,DIRECTOR,X,na
181,38505,FRITZ FAVORULE,CORTLAND COLLEGE FOUNDATION INC,160979814,no_NTEE,DIRECTOR,X,na
584,36771,Frank Marinelli,INTERNATIONAL UNION UNITED AUTO AEROSPACE & AGRICULTURAL WORKERS,150623052,no_NTEE,President,na,X
508,38462,GAIL L BARTON,FAMILY COUNSELING SERVICES OF CORTLAND COUNTY INC,160975006,(F) Mental Health & Crisis Intervention,BOARD MEMBER,X,na
569,42349,GAIL VAN PATTEN,HOSPICE FOUNDATION OF CORTLAND COUNTY INC,161468911,"(T) Philanthropy, Voluntarism & Grantmaking Foundations",Vice President,X,X
453,38651,GARRISON MARSTED,CORTLAND REPERTORY THEATRE INC,161004610,no_NTEE,BOARD MEMBER,X,na
603,38243,GARRY VANGORDER,J M MURRAY CENTER INC,160919050,(J) Employment,DIRECTOR,X,na
262,42239,GARRY VANGORDER,CORTLAND COUNTY BUSINESS DEVELOPMENT CORPORATION,161461027,no_NTEE,EXECUTIVE DIRECTOR (PART YEAR),na,X
392,39395,GARRY VANGORDER,CORTLAND HOUSING ASSISTANCE COUNCIL INC,161130177,(L) Housing & Shelter,Member,X,na
565,36287,GARRY VANGORDER,GUTHRIE CORTLAND MEDICAL CENTER,150532079,(E) Health Care,CHAIRMAN - DIR. (TERM 1/1/23),X,X
38,29419,GARY DIANGELO,AUTOMOTIVE LIFT INSTITUTE INC,136162018,no_NTEE,Director,X,na
517,38462,GARY J HARRINGTON,FAMILY COUNSELING SERVICES OF CORTLAND COUNTY INC,160975006,(F) Mental Health & Crisis Intervention,BOARD MEMBER,X,na
34,29419,GARY WAINWRIGHT,AUTOMOTIVE LIFT INSTITUTE INC,136162018,no_NTEE,Director,X,na
719,39411,GEORGE CLARK JR,STATEWIDE COUNTRY MUSIC ASSOCIATION INC,161132390,"(A) Arts, Culture & Humanities",PLANNING DIRECTOR,X,na
511,38462,GEORGE FREDRICK GOODALL,FAMILY COUNSELING SERVICES OF CORTLAND COUNTY INC,160975006,(F) Mental Health & Crisis Intervention,BOARD SECRETARY,X,X
209,38618,GEORGE SIAGRIS,CORTLAND COLLEGE STUDENT ASSOCIATION,160998593,(B) Education,CHIEF OF STAFF,X,X
182,38505,GEORGE WEISSMAN,CORTLAND COLLEGE FOUNDATION INC,160979814,no_NTEE,IMMEDIATE PAST CHAIR,X,na
257,42239,GERALD CONTENTO JR,CORTLAND COUNTY BUSINESS DEVELOPMENT CORPORATION,161461027,no_NTEE,DIRECTOR,X,na
140,40967,GIANNA BRENNAN,SIGMA DELTA TAU SOCIETY,161343331,no_NTEE,ICO,,
806,36391,GINA SIKORA,YOUNG WOMENS CHRISTIAN ASSOCIATION,150536617,(P) Human Services,BOARD MEMBER,X,na
66,62798,GINA SIKORA,CORTLAND MUSIC INC,264836734,"(A) Arts, Culture & Humanities",ICO,,
810,36391,GINNY WRIGHT,YOUNG WOMENS CHRISTIAN ASSOCIATION,150536617,(P) Human Services,BOARD MEMBER,X,na
372,36601,GLENN REISWEBER,CORTLAND FREE LIBRARY INC,150569362,(B) Education,Trustee,X,na
456,38651,GLORIA CRANE,CORTLAND REPERTORY THEATRE INC,161004610,no_NTEE,BOARD MEMBER,X,na
751,45816,GREG RICHARDS,UNITED WAY FOR CORTLAND COUNTY INC,166058903,"(T) Philanthropy, Voluntarism & Grantmaking Foundations",Director,X,na
306,38653,GREG RICHARDS,CORTLAND COUNTY COMMUNITY ACTION PROGRAM INC,161004653,(P) Human Services,EXECUTIVE DIRECTOR,na,X
713,44509,GREG RICHARDS,SEVEN VALLEYS HEALTH COALITION INC,161600893,(E) Health Care,BOARD MEMBER,X,na
210,38618,GRETCHEN HAZARD,CORTLAND COLLEGE STUDENT ASSOCIATION,160998593,(B) Education,COORDINATOR FOR STUDENT ADVOCACY,X,X
428,48247,Garry VanGorder,CORTLAND REGIONAL SPORTS COUNCIL INC,201960550,(S) Community Improvement & Capacity Building,President,X,X
588,36771,Grant C Sterle,INTERNATIONAL UNION UNITED AUTO AEROSPACE & AGRICULTURAL WORKERS,150623052,no_NTEE,Trustee,X,X
448,38651,HARRIET PRATT HIGGINS,CORTLAND REPERTORY THEATRE INC,161004610,no_NTEE,BOARD MEMBER,X,na
552,36287,HEATHER HOWELL,GUTHRIE CORTLAND MEDICAL CENTER,150532079,(E) Health Care,REGISTERED NURSE,na,na
280,35991,HEATHER WINEBURG,CORTLAND COUNTY CHAMBER OF COMMERCE INC,150278960,no_NTEE,ADMINISTRATOR,na,na
654,53611,HEIDI EFFINGER,MENTAL HEALTH ASSOCIATION FOR CORTLAND COUNTY,222839556,no_NTEE,President,na,na
634,58051,HELEN NEWELL,LIME HOLLOW NATURE CENTER INC,237339667,(C) Environment,BOARD MEMBER,X,na
294,38653,HELEN SPAULDING,CORTLAND COUNTY COMMUNITY ACTION PROGRAM INC,161004653,(P) Human Services,BOARD TREASURER,X,X
662,56342,HOMER C LA RUE,NATIONAL ACADEMY OF ARBITRATORS,237126791,no_NTEE,PRESIDENT ELECT/PRESIDENT,X,X
73,60464,Hugh Riehlman,BROCKWAY TRUCK PRESERVATION ASSOCIATION,261329102,"(A) Arts, Culture & Humanities",Trustee,na,na
624,58051,ILYA SHMULENSON,LIME HOLLOW NATURE CENTER INC,237339667,(C) Environment,Executive Dir.,na,X
443,38651,INGRID FOX,CORTLAND REPERTORY THEATRE INC,161004610,no_NTEE,BOARD MEMBER,X,na
310,42170,INGRID FOX,CORTLAND COUNTY CONVENTION & VISITORS BUREAU INC,161454737,(S) Community Improvement & Capacity Building,BOARD MEMBER,X,na
723,39411,IRENE RUSSELL,STATEWIDE COUNTRY MUSIC ASSOCIATION INC,161132390,"(A) Arts, Culture & Humanities",SECRETARY,na,X
714,44509,JACQUELINE LEAF,SEVEN VALLEYS HEALTH COALITION INC,161600893,(E) Health Care,EXECUTIVE DIRECTOR,na,X
62,36004,JAMES BOYCE,BENEVOLENT & PROTECTIVE ORDER OF ELKS OF THE USA,150298495,no_NTEE,TRUSTEE,X,X
665,56342,JAMES C OAKLEY,NATIONAL ACADEMY OF ARBITRATORS,237126791,no_NTEE,DIRECTOR (PART YEAR),X,na
493,51988,JAMES HARVEY,DISABLED VETS OF CORTLAND COUNTY,222315953,(W) Public & Societal Benefit,VICE-PRESIDENT,na,X
129,36212,JAMES LONGI,CORTLAND COLLEGE ALUMNI ASS INC,150508031,no_NTEE,DIRECTOR,X,na
231,47554,JAMES MILLER,CORTLAND COMMUNITY SERVICE CLUB INC,200809584,"(T) Philanthropy, Voluntarism & Grantmaking Foundations",ASSISTANT TREAS,na,na
605,38243,JAMES NICHOLS,J M MURRAY CENTER INC,160919050,(J) Employment,DIRECTOR,X,na
41,47554,JAMES P NUNCIATO,CORTLAND COMMUNITY SERVICE CLUB INC,200809584,"(T) Philanthropy, Voluntarism & Grantmaking Foundations",ICO,,
785,36375,JAMIE DENING,YOUNG MENS CHRISTIAN ASSOCIATION CORTLAND,150533570,(P) Human Services,BOARD MEMBER,X,na
117,36212,JAMIE PIPERATO,CORTLAND COLLEGE ALUMNI ASS INC,150508031,no_NTEE,IMMEDIATE PAST PRESIDENT,X,X
3,18383,JANE HUNTER,1890 HOUSE MUSEUM AND CENTER FOR THE ARTS,132951986,"(A) Arts, Culture & Humanities",BD MEMBER,X,na
73,46612,JANET FRIFFEN,CORTLAND SENIOR HIGH SCHOOL BOOSTERS CLUB,166103616,no_NTEE,ICO,,
19,49052,JANICE HINMAN,CENTRAL NEW YORK SPAY NEUTER ASSISTANCE PROGRAM CNY SNAP,203322730,(D) Animal-Related,ICO,,
409,85551,JARED POPOLI,CORTLAND MAIN STREET MUSIC SERIES,571176369,"(A) Arts, Culture & Humanities",BOARD MEMBER,na,na
747,45816,JARROD KOLODZIEJCZYK,UNITED WAY FOR CORTLAND COUNTY INC,166058903,"(T) Philanthropy, Voluntarism & Grantmaking Foundations",Director,X,na
685,70345,JASBIR PARMAR,NATIONAL ACADEMY OF ARBITRATORS RESEARCH & EDUCATION FOUNDATION,382613043,no_NTEE,DIRECTOR,X,na
87,449,JASON C TRABUCCO,FREE & ACCEPTED MASONS OF NEW YORK,10939780,no_NTEE,ICO,,
242,38548,JASON HAGE,CORTLAND COUNTY BOARD REALTORS INC,160987063,no_NTEE,PRESIDENT-ELECT,na,na
255,42239,JASON HAGE,CORTLAND COUNTY BUSINESS DEVELOPMENT CORPORATION,161461027,no_NTEE,DIRECTOR,X,na
416,51769,JASON HAGE,CORTLAND MEMORIAL FOUNDATION IND C O CORTLAND MEMORIAL HOSPITAL INC,222230692,(E) Health Care,VICE CHAIR - DIRECTOR,X,X
65,36004,JASON MARCHENKOFF,BENEVOLENT & PROTECTIVE ORDER OF ELKS OF THE USA,150298495,no_NTEE,2ND VICE PRESDIENT,X,X
86,60464,JASON MCRAE,BROCKWAY TRUCK PRESERVATION ASSOCIATION,261329102,"(A) Arts, Culture & Humanities",Trustee,na,na
144,36212,JEAN RIGHTMIRE,CORTLAND COLLEGE ALUMNI ASS INC,150508031,no_NTEE,DIRECTOR,X,na
298,38653,JEANETTE DIPPO,CORTLAND COUNTY COMMUNITY ACTION PROGRAM INC,161004653,(P) Human Services,BOARD MEMBER,X,na
663,56342,JEANNE CHARLES,NATIONAL ACADEMY OF ARBITRATORS,237126791,no_NTEE,DIRECTOR (PART YEAR),X,na
686,70345,JEANNE VONHOF,NATIONAL ACADEMY OF ARBITRATORS RESEARCH & EDUCATION FOUNDATION,382613043,no_NTEE,PRESIDENT,X,X
483,14649,JEFF BREED,CORTLANDVILLE FIRE DEPARTMENT INCORPORATED,115227037,"(M) Public Safety, Disaster Preparedness & Relief",TREASURER,na,na
757,45816,JEFF BREED,UNITED WAY FOR CORTLAND COUNTY INC,166058903,"(T) Philanthropy, Voluntarism & Grantmaking Foundations",Director,X,na
16,54951,JEFF FAHERTY,BROTHERHOOD OF LOCOMOTIVE ENGINEERS AND TRAINMEN,226063686,no_NTEE,ICO,,
36,29419,JEFF KRITZER,AUTOMOTIVE LIFT INSTITUTE INC,136162018,no_NTEE,Past Chairman,X,X
463,38651,JEFF PENOYER,CORTLAND REPERTORY THEATRE INC,161004610,no_NTEE,board member,X,na
638,58051,JEFF PEYNOYER,LIME HOLLOW NATURE CENTER INC,237339667,(C) Environment,BOARD MEMBER,X,na
602,38243,JEFFREY ARMSTRONG,J M MURRAY CENTER INC,160919050,(J) Employment,DIRECTOR,X,na
420,51769,JEFFREY BREED,CORTLAND MEMORIAL FOUNDATION IND C O CORTLAND MEMORIAL HOSPITAL INC,222230692,(E) Health Care,DIRECTOR,X,na
540,38633,JEFFREY RACHLINSKI,GREEK PEAK SKI CLUB INC,161000951,(N) Recreation & Sports,PRESIDENT,na,na
368,36601,JEN GRANEY,CORTLAND FREE LIBRARY INC,150569362,(B) Education,LIBRARYDIRECTOR,na,X
521,38462,JEN GRANEY,FAMILY COUNSELING SERVICES OF CORTLAND COUNTY INC,160975006,(F) Mental Health & Crisis Intervention,BOARD MEMBER,X,na
270,35991,JEN YARTYM,CORTLAND COUNTY CHAMBER OF COMMERCE INC,150278960,no_NTEE,DIRECTOR,X,na
155,40572,JENNIFER FELICIANO,CORTLAND COLLEGE CHILDRENS CENTER,161292297,(P) Human Services,MEMBER,X,na
59,36004,JENNIFER HODGES,BENEVOLENT & PROTECTIVE ORDER OF ELKS OF THE USA,150298495,no_NTEE,3RD VICE PRESIDENT,X,X
58,36004,JENNIFER HUBBELL,BENEVOLENT & PROTECTIVE ORDER OF ELKS OF THE USA,150298495,no_NTEE,SECRETARY,na,X
411,51769,JENNIFER L YARTYM,CORTLAND MEMORIAL FOUNDATION IND C O CORTLAND MEMORIAL HOSPITAL INC,222230692,(E) Health Care,DIRECTOR - PRESIDENT - GCMC,X,na
496,51988,JENNIFER MCCRACKEN,DISABLED VETS OF CORTLAND COUNTY,222315953,(W) Public & Societal Benefit,TREASURER,na,X
156,40572,JENNIFER MORGAN,CORTLAND COLLEGE CHILDRENS CENTER,161292297,(P) Human Services,MEMBER,X,na
8,48184,JENNIFER SCHULTZ,ASC FAMILY FUND INC,201878196,(P) Human Services,ICO,,
800,36391,JENNIFER SOPRANO,YOUNG WOMENS CHRISTIAN ASSOCIATION,150536617,(P) Human Services,Treasurer,X,X
140,36212,JENNIFER VILLANY,CORTLAND COLLEGE ALUMNI ASS INC,150508031,no_NTEE,DIRECTOR,X,na
545,36287,JENNIFER YARTYM,GUTHRIE CORTLAND MEDICAL CENTER,150532079,(E) Health Care,DIRECTOR - PRESIDENT,X,X
704,44509,JENNIFER YARTYM,SEVEN VALLEYS HEALTH COALITION INC,161600893,(E) Health Care,BOARD MEMBER,X,na
281,39681,JENNY ROBINSON,CORTLAND COUNTY CHILD DEVELOPMENT DAY CARE PROGRAM INC,161167492,(P) Human Services,EXECUTIVE DIRECTOR,na,na
745,45816,JENNY ROBINSON,UNITED WAY FOR CORTLAND COUNTY INC,166058903,"(T) Philanthropy, Voluntarism & Grantmaking Foundations",Director,X,na
791,36391,JERI DUVALL,YOUNG WOMENS CHRISTIAN ASSOCIATION,150536617,(P) Human Services,BOARD MEMBER,X,na
247,38548,JERRY HARTNETT,CORTLAND COUNTY BOARD REALTORS INC,160987063,no_NTEE,DIRECTOR,na,na
2,18383,JERRY WILCOX,1890 HOUSE MUSEUM AND CENTER FOR THE ARTS,132951986,"(A) Arts, Culture & Humanities",BD MEMBER,X,na
166,38505,JESSE CRANE,CORTLAND COLLEGE FOUNDATION INC,160979814,no_NTEE,DIRECTOR,X,na
77,60464,JESSICA ANDERSON,BROCKWAY TRUCK PRESERVATION ASSOCIATION,261329102,"(A) Arts, Culture & Humanities",Trustee,na,na
287,39681,JESSICA BILEK,CORTLAND COUNTY CHILD DEVELOPMENT DAY CARE PROGRAM INC,161167492,(P) Human Services,Director,X,na
319,42170,JESSICA SLOMA,CORTLAND COUNTY CONVENTION & VISITORS BUREAU INC,161454737,(S) Community Improvement & Capacity Building,BOARD MEMBER,X,na
290,39681,JESSICA YOUNG,CORTLAND COUNTY CHILD DEVELOPMENT DAY CARE PROGRAM INC,161167492,(P) Human Services,Director,X,na
157,40572,JILL TOFTEGAARD,CORTLAND COLLEGE CHILDRENS CENTER,161292297,(P) Human Services,MEMBER,X,na
146,42886,JIM DEMPSEY,THE GREAT CORTLAND PUMPKINFEST INC,161506254,(N) Recreation & Sports,ICO,,
784,36375,JIM DEMPSEY,YOUNG MENS CHRISTIAN ASSOCIATION CORTLAND,150533570,(P) Human Services,BOARD MEMBER,X,na
632,58051,JIM MCKENNA,LIME HOLLOW NATURE CENTER INC,237339667,(C) Environment,BOARD MEMBER,X,na
84,60464,JIM NADGE,BROCKWAY TRUCK PRESERVATION ASSOCIATION,261329102,"(A) Arts, Culture & Humanities",Trustee,na,na
579,42349,JIM POVERO,HOSPICE FOUNDATION OF CORTLAND COUNTY INC,161468911,"(T) Philanthropy, Voluntarism & Grantmaking Foundations",Director,X,na
487,57460,JIM WEISS,CULTURAL COUNCIL OF CORTLAND COUNTY INC,237269008,no_NTEE,SECRETARY,na,na
107,68742,JOANN WICKMAN,CORTLAND AREA COMMUNITIES THAT CARE COALITION,342064367,(P) Human Services,Director,X,na
348,58859,JODIE DELAGE,CORTLAND COUNTY YOUTH HOCKEY ASSOCIATION INC,237424765,(N) Recreation & Sports,Vice President,na,na
101,68742,JOE CORTESE,CORTLAND AREA COMMUNITIES THAT CARE COALITION,342064367,(P) Human Services,Chairman,X,X
61,36004,JOE HASKELL,BENEVOLENT & PROTECTIVE ORDER OF ELKS OF THE USA,150298495,no_NTEE,TRUSTEE,X,X
200,51353,JOHANNA AMES,CORTLAND COLLEGE FOUNDATIONPROPERTIES INC,208746984,(S) Community Improvement & Capacity Building,CHAIR,X,X
253,42239,JOHANNA AMES,CORTLAND COUNTY BUSINESS DEVELOPMENT CORPORATION,161461027,no_NTEE,DIRECTOR,X,na
183,38505,JOHANNA R AMES,CORTLAND COLLEGE FOUNDATION INC,160979814,no_NTEE,CHAIR,X,X
687,70345,JOHN ALFANO,NATIONAL ACADEMY OF ARBITRATORS RESEARCH & EDUCATION FOUNDATION,382613043,no_NTEE,VICE PRESIDENT,X,X
366,49695,JOHN ASPINWALL,CORTLAND DOWNTOWN PARTNERSHIP INC,204296071,"(A) Arts, Culture & Humanities",TREASURER,X,X
510,38462,JOHN FINN,FAMILY COUNSELING SERVICES OF CORTLAND COUNTY INC,160975006,(F) Mental Health & Crisis Intervention,BOARD MEMBER,X,na
445,38651,JOHN FOLMER,CORTLAND REPERTORY THEATRE INC,161004610,no_NTEE,BOARD MEMBER,X,na
373,36601,JOHN HOESCHELE,CORTLAND FREE LIBRARY INC,150569362,(B) Education,Vice President,X,X
66,36004,JOHN KANE,BENEVOLENT & PROTECTIVE ORDER OF ELKS OF THE USA,150298495,no_NTEE,TRUSTEE,X,X
250,42239,JOHN O REAGAN,CORTLAND COUNTY BUSINESS DEVELOPMENT CORPORATION,161461027,no_NTEE,TREASURER,X,X
114,36212,JOHN SILSBY,CORTLAND COLLEGE ALUMNI ASS INC,150508031,no_NTEE,TREASURER,X,X
126,34198,JOHN TUCKER,NEW YORK STATE FALLEN FIRE FIGHTERS MEMORIAL COMMITTEE INC,141806291,"(A) Arts, Culture & Humanities",ICO,,
237,35992,JOHN WANISH,CORTLAND COUNTRY CLUB INC,150279005,no_NTEE,BOARD MEMBER,X,na
816,36391,JOHN WHITTLETON,YOUNG WOMENS CHRISTIAN ASSOCIATION,150536617,(P) Human Services,Trustee,X,na
71,105037,JOHN ZELSON,CORTLAND REUSE INC,853825876,(J) Employment,ICO,,
465,105037,JOHN ZELSON,CORTLAND REUSE INC,853825876,(J) Employment,PRESIDENT,na,na
347,58859,JORDAN BUTLER-PERKINS,CORTLAND COUNTY YOUTH HOCKEY ASSOCIATION INC,237424765,(N) Recreation & Sports,REGISTRAR,na,na
88,114554,JORDAN SMITH,CENTRAL NEW YORK ACTION SPORTS INC,920791511,(N) Recreation & Sports,VICE PRESIDENT,X,X
125,36212,JOSEPH EPPOLITO,CORTLAND COLLEGE ALUMNI ASS INC,150508031,no_NTEE,DIRECTOR,X,na
505,38462,JOSEPH F GOVERNALI,FAMILY COUNSELING SERVICES OF CORTLAND COUNTY INC,160975006,(F) Mental Health & Crisis Intervention,BOARD PRESIDENT,X,X
769,76383,JOSEPH FITZGERALD,YMCA OF CORTLAND PROPERTIES INC,463376307,(P) Human Services,VICE PRESIDENT,na,na
780,36375,JOSEPH FITZGERALD,YOUNG MENS CHRISTIAN ASSOCIATION CORTLAND,150533570,(P) Human Services,BOARD MEMBER/VICE PRESIDENT,X,X
547,36287,JOSEPH JOHNSTON,GUTHRIE CORTLAND MEDICAL CENTER,150532079,(E) Health Care,"VICE PRESIDENT, OPERATIONS",na,na
50,36518,JOSEPH MASCETTA,AUXILIARY SERVICES CORPORATION OF SUNY CORTLAND,150548524,(B) Education,DIRECTOR,X,na
208,38618,JOSEPH MASCETTA,CORTLAND COLLEGE STUDENT ASSOCIATION,160998593,(B) Education,CHIEF FINANCIAL OFFICER,X,X
558,36287,JOSEPH PUZO,GUTHRIE CORTLAND MEDICAL CENTER,150532079,(E) Health Care,SECRETARY - DIRECTOR,X,X
450,38651,JOSH APKER,CORTLAND REPERTORY THEATRE INC,161004610,no_NTEE,Treasurer,X,X
541,38633,JOSH FINN,GREEK PEAK SKI CLUB INC,161000951,(N) Recreation & Sports,TREASURER,na,na
82,60464,JOSH MCLAUGHLIN,BROCKWAY TRUCK PRESERVATION ASSOCIATION,261329102,"(A) Arts, Culture & Humanities",Trustee,na,na
668,56342,JOSHUA JAVITS,NATIONAL ACADEMY OF ARBITRATORS,237126791,no_NTEE,VICE PRESIDENT (PART YEAR),X,X
324,36546,JUDAH CURRIE III,CORTLAND COUNTY HISTORICAL SOCIETY -INC-,150555683,"(A) Arts, Culture & Humanities",Trustee,X,na
399,40168,JUDY HEATH,CORTLAND LOAVES & FISHES INC,161236737,"(K) Food, Agriculture & Nutrition",Director,X,na
149,57369,JUDY PIERCE,TOPS CLUB INC,237248826,(E) Health Care,ICO,,
608,38243,JUDY RISAVI,J M MURRAY CENTER INC,160919050,(J) Employment,DIRECTOR,X,na
673,56342,JULES BLOCH,NATIONAL ACADEMY OF ARBITRATORS,237126791,no_NTEE,DIRECTOR,X,na
688,70345,JULES CRYSTAL,NATIONAL ACADEMY OF ARBITRATORS RESEARCH & EDUCATION FOUNDATION,382613043,no_NTEE,DIRECTOR,X,na
345,58859,JULIA NYE,CORTLAND COUNTY YOUTH HOCKEY ASSOCIATION INC,237424765,(N) Recreation & Sports,IP COORDINATOR,na,na
629,58051,JULIE BARCLAY,LIME HOLLOW NATURE CENTER INC,237339667,(C) Environment,Vice President,X,X
606,38243,JULIE CAMPBELL,J M MURRAY CENTER INC,160919050,(J) Employment,SECRETARY,X,X
655,53611,JULIE PARTIGIANONI,MENTAL HEALTH ASSOCIATION FOR CORTLAND COUNTY,222839556,no_NTEE,Vice President,na,na
580,42349,JULIE VERNUM,HOSPICE FOUNDATION OF CORTLAND COUNTY INC,161468911,"(T) Philanthropy, Voluntarism & Grantmaking Foundations",Director,X,na
211,38618,JUSTIN HORTON,CORTLAND COLLEGE STUDENT ASSOCIATION,160998593,(B) Education,ASSOCIATE FINANCIAL OFFICER,X,X
51,36518,JUSTIN HORTON,AUXILIARY SERVICES CORPORATION OF SUNY CORTLAND,150548524,(B) Education,DIRECTOR,X,na
226,43807,Jackie McCloskey,CORTLAND COMMUNITY FOUNDATION,161561037,"(T) Philanthropy, Voluntarism & Grantmaking Foundations",EXEC DIRECTOR,na,X
437,48247,James Baranello,CORTLAND REGIONAL SPORTS COUNCIL INC,201960550,(S) Community Improvement & Capacity Building,BOARD MEMBER,X,na
470,35994,James Nichols,CORTLAND RURAL CEMETERY,150279170,no_NTEE,Trustee,X,na
590,36771,James P Chapman,INTERNATIONAL UNION UNITED AUTO AEROSPACE & AGRICULTURAL WORKERS,150623052,no_NTEE,Guide,na,X
17,43730,Janet Oechsle,ACCESS TO INDEPENDENCE OF CORTLAND COUNTY INC,161557965,(B) Education,Board Member,X,na
91,49052,Janice Hinman,CENTRAL NEW YORK SPAY NEUTER ASSISTANCE PROGRAM CNY SNAP,203322730,(D) Animal-Related,President/Treasurer,X,X
93,49052,Janice Venditte,CENTRAL NEW YORK SPAY NEUTER ASSISTANCE PROGRAM CNY SNAP,203322730,(D) Animal-Related,Coordinator,X,na
619,59588,Jeffrey Gettys,KEYSTONE JUNIOR RODEO ASSOCIATION,251883648,(N) Recreation & Sports,Director,na,na
98,43002,Jennifer Mrozowski,CIVIL SERVICE EMPLOYEES ASSOCIATION,161513551,no_NTEE,Secretary,na,na
391,39395,Jerry Hartnett,CORTLAND HOUSING ASSISTANCE COUNCIL INC,161130177,(L) Housing & Shelter,President,X,X
589,36771,John C Walpole,INTERNATIONAL UNION UNITED AUTO AEROSPACE & AGRICULTURAL WORKERS,150623052,no_NTEE,Trustee,X,X
478,35994,John Hoeschle,CORTLAND RURAL CEMETERY,150279170,no_NTEE,Treasurer,X,X
615,59588,John Hollenbach,KEYSTONE JUNIOR RODEO ASSOCIATION,251883648,(N) Recreation & Sports,President,na,na
432,48247,John McNerney,CORTLAND REGIONAL SPORTS COUNCIL INC,201960550,(S) Community Improvement & Capacity Building,BOARD MEMBER,X,na
222,43807,John Poli,CORTLAND COMMUNITY FOUNDATION,161561037,"(T) Philanthropy, Voluntarism & Grantmaking Foundations",Director,X,na
218,43807,John Reagan,CORTLAND COMMUNITY FOUNDATION,161561037,"(T) Philanthropy, Voluntarism & Grantmaking Foundations",Director,X,na
219,43807,John Whittleton,CORTLAND COMMUNITY FOUNDATION,161561037,"(T) Philanthropy, Voluntarism & Grantmaking Foundations",Director,X,na
426,48247,Joseph Reagan,CORTLAND REGIONAL SPORTS COUNCIL INC,201960550,(S) Community Improvement & Capacity Building,Vice President,X,X
622,59588,Joseph Stoltzfus,KEYSTONE JUNIOR RODEO ASSOCIATION,251883648,(N) Recreation & Sports,Director,na,na
370,36601,Julie Campbell,CORTLAND FREE LIBRARY INC,150569362,(B) Education,Trustee,X,na
125,54158,KALEB WILSON AMERICA CREDIT UNION,NEW YORK CREDIT UNION ASSOCIATION INC,223124397,no_NTEE,ICO,,
548,36287,KANSAS UNDERWOOD,GUTHRIE CORTLAND MEDICAL CENTER,150532079,(E) Health Care,VP NURSING/CNO,na,na
610,38243,KAREN A MORGAN,J M MURRAY CENTER INC,160919050,(J) Employment,DIRECTOR OF IT,na,na
184,38505,KAREN KERRIGAN,CORTLAND COLLEGE FOUNDATION INC,160979814,no_NTEE,DIRECTOR,X,na
50,73722,KAREN NIDAY,CORTLAND COUNTY DEVELOPMENT CORPORATION,455122714,(S) Community Improvement & Capacity Building,ICO,,
48,42170,KAREN NIDAY,CORTLAND COUNTY CONVENTION & VISITORS BUREAU INC,161454737,(S) Community Improvement & Capacity Building,ICO,,
507,38462,KARI RYDER-MORTON,FAMILY COUNSELING SERVICES OF CORTLAND COUNTY INC,160975006,(F) Mental Health & Crisis Intervention,BOARD TREASURER,X,X
334,36546,KARL OCHS,CORTLAND COUNTY HISTORICAL SOCIETY -INC-,150555683,"(A) Arts, Culture & Humanities",Trustee,X,na
712,44509,KATE DOWNES,SEVEN VALLEYS HEALTH COALITION INC,161600893,(E) Health Care,BOARD MEMBER (PART YEAR),X,na
550,36287,KATELYN BELCHER,GUTHRIE CORTLAND MEDICAL CENTER,150532079,(E) Health Care,REGISTERED NURSE,na,na
89,114554,KATELYNN WAGNER,CENTRAL NEW YORK ACTION SPORTS INC,920791511,(N) Recreation & Sports,SECRETARY,X,X
90,114554,KATHERINE MACDOWELL,CENTRAL NEW YORK ACTION SPORTS INC,920791511,(N) Recreation & Sports,BOARD,X,na
256,42239,KATHLEEN BURKE,CORTLAND COUNTY BUSINESS DEVELOPMENT CORPORATION,161461027,no_NTEE,DIRECTOR,X,na
111,68742,KATHLEEN FITZGERALD,CORTLAND AREA COMMUNITIES THAT CARE COALITION,342064367,(P) Human Services,Director,X,na
158,40572,KATHLEEN MCCORMICK,CORTLAND COLLEGE CHILDRENS CENTER,161292297,(P) Human Services,VICE CHAIR,X,X
325,36546,KATHLEEN O CONNELL,CORTLAND COUNTY HISTORICAL SOCIETY -INC-,150555683,"(A) Arts, Culture & Humanities",Vice President,X,X
675,56342,KATHRYN A VANDAGENS,NATIONAL ACADEMY OF ARBITRATORS,237126791,no_NTEE,VICE PRESIDENT,X,X
159,40572,KATHRYN GALLUP,CORTLAND COLLEGE CHILDRENS CENTER,161292297,(P) Human Services,MEMBER (PART YEAR),X,na
132,36212,KATHRYN MCKENNA,CORTLAND COLLEGE ALUMNI ASS INC,150508031,no_NTEE,DIRECTOR,X,na
574,42349,KATHY RUTAN,HOSPICE FOUNDATION OF CORTLAND COUNTY INC,161468911,"(T) Philanthropy, Voluntarism & Grantmaking Foundations",Director,X,na
364,49695,KAYLEE GROSS,CORTLAND DOWNTOWN PARTNERSHIP INC,204296071,"(A) Arts, Culture & Humanities",DIRECTOR,X,na
676,56342,KEITH D GREENBERG,NATIONAL ACADEMY OF ARBITRATORS,237126791,no_NTEE,DIRECTOR,X,na
689,70345,KEITH GREENBERG,NATIONAL ACADEMY OF ARBITRATORS RESEARCH & EDUCATION FOUNDATION,382613043,no_NTEE,DIRECTOR,X,na
787,36391,KELLY TOBIN,YOUNG WOMENS CHRISTIAN ASSOCIATION,150536617,(P) Human Services,Executive Direc,na,X
272,35991,KELLY TOBIN,CORTLAND COUNTY CHAMBER OF COMMERCE INC,150278960,no_NTEE,DIRECTOR,X,na
367,49695,KELLY TOBIN,CORTLAND DOWNTOWN PARTNERSHIP INC,204296071,"(A) Arts, Culture & Humanities",DIRECTOR,X,na
30,36701,KENNETH BUSH,AMERICAN LEGION,150610966,no_NTEE,ADJUTANT,na,X
536,86217,KENNETH SMITH,GRANGE PATRONS OF HUSBANDRY NEW YORK STATE GRANGE INC,611699456,no_NTEE,TREASURER,na,X
716,39411,KENNETH WHITNEY,STATEWIDE COUNTRY MUSIC ASSOCIATION INC,161132390,"(A) Arts, Culture & Humanities",HALL OF FAME DIRECTOR,X,na
439,38651,KERBY THOMPSON,CORTLAND REPERTORY THEATRE INC,161004610,no_NTEE,PROD ARTISTIC D,na,X
609,38243,KEVIN BURGHER,J M MURRAY CENTER INC,160919050,(J) Employment,CONTROLLER,na,X
185,38505,KEVIN KEEGAN,CORTLAND COLLEGE FOUNDATION INC,160979814,no_NTEE,DIRECTOR,X,na
767,76383,KIM ALLEN,YMCA OF CORTLAND PROPERTIES INC,463376307,(P) Human Services,VICE PRESIDENT (PART YEAR),na,na
378,36601,KIM HAY,CORTLAND FREE LIBRARY INC,150569362,(B) Education,Trustee,X,na
393,40168,KIM HILL,CORTLAND LOAVES & FISHES INC,161236737,"(K) Food, Agriculture & Nutrition",Executive Dir.,X,na
705,44509,KIM OSBORNE,SEVEN VALLEYS HEALTH COALITION INC,161600893,(E) Health Care,BOARD MEMBER,X,na
803,36391,KIM STEVENS,YOUNG WOMENS CHRISTIAN ASSOCIATION,150536617,(P) Human Services,BOARD MEMBER,X,na
160,40572,KIM WIECZOREK,CORTLAND COLLEGE CHILDRENS CENTER,161292297,(P) Human Services,MEMBER,X,na
440,38651,KIMBERLY ALLEN,CORTLAND REPERTORY THEATRE INC,161004610,no_NTEE,BOARD MEMBER,X,na
118,36212,KIMBERLY ALLEN,CORTLAND COLLEGE ALUMNI ASS INC,150508031,no_NTEE,DIRECTOR,X,na
775,36375,KIMBERLY ALLEN,YOUNG MENS CHRISTIAN ASSOCIATION CORTLAND,150533570,(P) Human Services,VICE PRESIDENT/BOARD MEMBER,X,X
106,68742,KINDRA CATALANO,CORTLAND AREA COMMUNITIES THAT CARE COALITION,342064367,(P) Human Services,Director,X,na
241,38548,KRIS BUCHAN,CORTLAND COUNTY BOARD REALTORS INC,160987063,no_NTEE,PRESIDENT,na,na
748,45816,KRISSY GAMBITTA,UNITED WAY FOR CORTLAND COUNTY INC,166058903,"(T) Philanthropy, Voluntarism & Grantmaking Foundations",President,X,X
9,18383,KRISTEN EVANGELISTA,1890 HOUSE MUSEUM AND CENTER FOR THE ARTS,132951986,"(A) Arts, Culture & Humanities",BD MEMBER,X,na
729,42886,KRISTEN TREZZA,THE GREAT CORTLAND PUMPKINFEST INC,161506254,(N) Recreation & Sports,BD MEMBER,X,na
89,75520,KRISTIN BEARD,FRIENDS OF THE CORTLAND COUNTY CHILD ADVOCACY CENTER INC,462277341,(F) Mental Health & Crisis Intervention,ICO,,
286,39681,KRISTIN PENNOCK,CORTLAND COUNTY CHILD DEVELOPMENT DAY CARE PROGRAM INC,161167492,(P) Human Services,Treasurer,X,X
796,36391,KRISTINA FURI,YOUNG WOMENS CHRISTIAN ASSOCIATION,150536617,(P) Human Services,BOARD MEMBER,X,na
512,38462,KRISTINA MARTY,FAMILY COUNSELING SERVICES OF CORTLAND COUNTY INC,160975006,(F) Mental Health & Crisis Intervention,BOARD MEMBER,X,na
792,36391,KRISTINA MARTY,YOUNG WOMENS CHRISTIAN ASSOCIATION,150536617,(P) Human Services,Vice President,X,X
625,58051,KURT BEHRENFELD,LIME HOLLOW NATURE CENTER INC,237339667,(C) Environment,BOARD MEMBER,X,na
475,35994,Karen Halstead,CORTLAND RURAL CEMETERY,150279170,no_NTEE,Trustee,X,na
220,43807,Katherine Compagni,CORTLAND COMMUNITY FOUNDATION,161561037,"(T) Philanthropy, Voluntarism & Grantmaking Foundations",Director,X,na
224,43807,Kathie O Mara,CORTLAND COMMUNITY FOUNDATION,161561037,"(T) Philanthropy, Voluntarism & Grantmaking Foundations",Director,X,na
27,43730,Kathleen Barnes,ACCESS TO INDEPENDENCE OF CORTLAND COUNTY INC,161557965,(B) Education,Board Treasurer,X,X
375,36601,Kathleen Hennessy,CORTLAND FREE LIBRARY INC,150569362,(B) Education,Trustee,X,na
477,35994,Kathryn Cincotta,CORTLAND RURAL CEMETERY,150279170,no_NTEE,President,X,X
131,36212,L JAMIE MCGRORY,CORTLAND COLLEGE ALUMNI ASS INC,150508031,no_NTEE,DIRECTOR,X,na
524,35995,LANCE MERKUR,FREE & ACCEPTED MASONS OF NEW YORK,150279245,no_NTEE,TRUSTEE,X,na
284,39681,LARA DISCENZA,CORTLAND COUNTY CHILD DEVELOPMENT DAY CARE PROGRAM INC,161167492,(P) Human Services,Director,X,na
427,48247,LARRY BRADY,CORTLAND REGIONAL SPORTS COUNCIL INC,201960550,(S) Community Improvement & Capacity Building,BOARD MEMBER,X,na
577,42349,LARRY HAYES,HOSPICE FOUNDATION OF CORTLAND COUNTY INC,161468911,"(T) Philanthropy, Voluntarism & Grantmaking Foundations",Director,X,na
304,38653,LARRY WOOLHEATER,CORTLAND COUNTY COMMUNITY ACTION PROGRAM INC,161004653,(P) Human Services,BOARD MEMBER,X,na
377,36601,LAUREN MOSSOTTI-KLINE,CORTLAND FREE LIBRARY INC,150569362,(B) Education,President,X,X
400,40168,LAUREN NELS,CORTLAND LOAVES & FISHES INC,161236737,"(K) Food, Agriculture & Nutrition",Director,X,na
26,52740,LAURIE DUTCHER,CIVIL SERVICE EMPLOYEES ASSOCIATION,222511551,no_NTEE,ICO,,
633,58051,LAURIE KLOTZ,LIME HOLLOW NATURE CENTER INC,237339667,(C) Environment,BOARD MEMBER,X,na
744,45816,LAURIE SPERGER,UNITED WAY FOR CORTLAND COUNTY INC,166058903,"(T) Philanthropy, Voluntarism & Grantmaking Foundations",Secretary,X,X
8,18383,LEE BENSON,1890 HOUSE MUSEUM AND CENTER FOR THE ARTS,132951986,"(A) Arts, Culture & Humanities",VICE PRESIDENT,X,na
598,38243,LENORE LEFEVRE,J M MURRAY CENTER INC,160919050,(J) Employment,DIRECTOR,X,na
109,55622,LENORE SCHWAGER,LEAGUE OF WOMEN VOTERS OF NEW YORK INC,237036641,no_NTEE,ICO,,
130,46554,LESLIE EASTON,PSI CHI THE INTERNATIONAL HONOR SOCIETY IN PSYCHOLOGY,166098173,no_NTEE,ICO,,
519,38462,LESLIE P GUY,FAMILY COUNSELING SERVICES OF CORTLAND COUNTY INC,160975006,(F) Mental Health & Crisis Intervention,BOARD MEMBER,X,na
165,38505,LINDA BARNES GADKOWSKI,CORTLAND COLLEGE FOUNDATION INC,160979814,no_NTEE,DIRECTOR,X,na
92,39519,LINDA BATSFORD,GRANGE PATRONS OF HUSBANDRY NEW YORK STATE GRANGE INC,161143016,no_NTEE,ICO,,
627,58051,LINDA RIGGINS,LIME HOLLOW NATURE CENTER INC,237339667,(C) Environment,Secretary,X,X
401,40168,LINDSAY VAN LIEW,CORTLAND LOAVES & FISHES INC,161236737,"(K) Food, Agriculture & Nutrition",Director,X,na
690,70345,LISA CHARLES,NATIONAL ACADEMY OF ARBITRATORS RESEARCH & EDUCATION FOUNDATION,382613043,no_NTEE,DIRECTOR,X,na
522,38462,LISA HOESCHELE,FAMILY COUNSELING SERVICES OF CORTLAND COUNTY INC,160975006,(F) Mental Health & Crisis Intervention,EXECUTIVE DIRECTOR,na,X
46,36518,LISA KAHLE,AUXILIARY SERVICES CORPORATION OF SUNY CORTLAND,150548524,(B) Education,DIRECTOR,X,na
660,56342,LISA SALKOVITZ KOHN,NATIONAL ACADEMY OF ARBITRATORS,237126791,no_NTEE,DIRECTOR,X,na
455,38651,LIZ COLE,CORTLAND REPERTORY THEATRE INC,161004610,no_NTEE,BOARD MEMBER,X,na
380,36601,LIZ COLE,CORTLAND FREE LIBRARY INC,150569362,(B) Education,Trustee,X,na
698,114354,LOGAN KNOWLES,SEAHORSE FOUNDATION INC,920495583,(S) Community Improvement & Capacity Building,Secretary,na,na
258,42239,LORI LAW,CORTLAND COUNTY BUSINESS DEVELOPMENT CORPORATION,161461027,no_NTEE,DIRECTOR,X,na
289,39681,LORRAINE BARBER,CORTLAND COUNTY CHILD DEVELOPMENT DAY CARE PROGRAM INC,161167492,(P) Human Services,Director,X,na
725,39411,LORRAINE CLARK,STATEWIDE COUNTRY MUSIC ASSOCIATION INC,161132390,"(A) Arts, Culture & Humanities",VICE PRESIDENT,na,na
186,38505,LOUISE M CONLEY,CORTLAND COLLEGE FOUNDATION INC,160979814,no_NTEE,DIRECTOR,X,na
47,36518,LUARA DUNBAR,AUXILIARY SERVICES CORPORATION OF SUNY CORTLAND,150548524,(B) Education,DIRECTOR,X,na
549,36287,LUKE ATWATER,GUTHRIE CORTLAND MEDICAL CENTER,150532079,(E) Health Care,"MANAGER, NURSING",na,na
315,42170,LUKE BIONDI,CORTLAND COUNTY CONVENTION & VISITORS BUREAU INC,161454737,(S) Community Improvement & Capacity Building,BOARD MEMBER,X,na
631,58051,LUKE KELLER,LIME HOLLOW NATURE CENTER INC,237339667,(C) Environment,BOARD MEMBER,X,na
29,36701,LYLE BUDDENHAGEN,AMERICAN LEGION,150610966,no_NTEE,3RD VICE,na,X
765,76383,LYNN CUNNINGHAM,YMCA OF CORTLAND PROPERTIES INC,463376307,(P) Human Services,SECRETARY (PART YEAR),na,na
776,36375,LYNN CUNNINGHAM,YOUNG MENS CHRISTIAN ASSOCIATION CORTLAND,150533570,(P) Human Services,SECRETARY (PART YEAR),X,X
331,36546,LYNNE LASH,CORTLAND COUNTY HISTORICAL SOCIETY -INC-,150555683,"(A) Arts, Culture & Humanities",Trustee,X,na
293,38653,LYNNE SYPHER,CORTLAND COUNTY COMMUNITY ACTION PROGRAM INC,161004653,(P) Human Services,BOARD SECRETARY,X,X
25,43730,Laura Eaton,ACCESS TO INDEPENDENCE OF CORTLAND COUNTY INC,161557965,(B) Education,Board Vice Chair,X,X
26,43730,Lawrence Woolheater,ACCESS TO INDEPENDENCE OF CORTLAND COUNTY INC,161557965,(B) Education,Board Chair,X,X
15,43730,Linda Stock,ACCESS TO INDEPENDENCE OF CORTLAND COUNTY INC,161557965,(B) Education,Board Member,X,na
223,43807,Lisa Hoeschele,CORTLAND COMMUNITY FOUNDATION,161561037,"(T) Philanthropy, Voluntarism & Grantmaking Foundations",Director,X,na
23,43730,Lisa Pizzola,ACCESS TO INDEPENDENCE OF CORTLAND COUNTY INC,161557965,(B) Education,Board Member,X,na
617,59588,Lisa Poust,KEYSTONE JUNIOR RODEO ASSOCIATION,251883648,(N) Recreation & Sports,Secretary,na,na
94,49052,Lisa Taylor,CENTRAL NEW YORK SPAY NEUTER ASSISTANCE PROGRAM CNY SNAP,203322730,(D) Animal-Related,Shelter Manager,X,na
69,48247,MACHELL PHELPS,CORTLAND REGIONAL SPORTS COUNCIL INC,201960550,(S) Community Improvement & Capacity Building,ICO,,
353,54486,MACHELL PHELPS,CORTLAND COUNTY YOUTH SOCCER ASSOCIATION INC,223320358,no_NTEE,Treasurer,na,na
390,39395,MACHELL PHELPS,CORTLAND HOUSING ASSISTANCE COUNCIL INC,161130177,(L) Housing & Shelter,Member,X,na
309,42170,MALLORIE DAVID,CORTLAND COUNTY CONVENTION & VISITORS BUREAU INC,161454737,(S) Community Improvement & Capacity Building,Secretary,X,X
516,38462,MARCHELL PHELEPS,FAMILY COUNSELING SERVICES OF CORTLAND COUNTY INC,160975006,(F) Mental Health & Crisis Intervention,BOARD MEMBER,X,na
674,56342,MARETTA COMFORT TOEDT,NATIONAL ACADEMY OF ARBITRATORS,237126791,no_NTEE,VICE PRESIDENT,X,X
7,18383,MARGARET RYAN,1890 HOUSE MUSEUM AND CENTER FOR THE ARTS,132951986,"(A) Arts, Culture & Humanities",BD MEMBER,X,na
643,60788,MARIA ADSIT,LITTLE LEAGUE BASEBALL INC,261684182,no_NTEE,TREASURER,na,na
452,38651,MARIA BARREDO,CORTLAND REPERTORY THEATRE INC,161004610,no_NTEE,Secretary,X,X
63,36004,MARIBETH MCEVON,BENEVOLENT & PROTECTIVE ORDER OF ELKS OF THE USA,150298495,no_NTEE,TRUSTEE,X,X
412,51769,MARIE DARLING,CORTLAND MEMORIAL FOUNDATION IND C O CORTLAND MEMORIAL HOSPITAL INC,222230692,(E) Health Care,DIRECTOR,X,na
100,68742,MARIE WALSH,CORTLAND AREA COMMUNITIES THAT CARE COALITION,342064367,(P) Human Services,Secretary,X,X
122,36212,MARILYN STEVENS CARTER,CORTLAND COLLEGE ALUMNI ASS INC,150508031,no_NTEE,DIRECTOR,X,na
95,57017,MARILYN VAN DENBURG,GRANGE PATRONS OF HUSBANDRY NEW YORK STATE GRANGE INC,237207462,no_NTEE,ICO,,
150,36950,MARION LUTZ,UNITARIAN UNIVERSALIST CHURCH OF CORTLAND,156021600,no_NTEE,ICO,,
415,51769,MARISA CLIFFORD DMD,CORTLAND MEMORIAL FOUNDATION IND C O CORTLAND MEMORIAL HOSPITAL INC,222230692,(E) Health Care,CHAIR - DIRECTOR,X,X
6,18383,MARISA GAY-ZOGG,1890 HOUSE MUSEUM AND CENTER FOR THE ARTS,132951986,"(A) Arts, Culture & Humanities",BD MEMBER,X,na
102,68742,MARISSA ZOGG,CORTLAND AREA COMMUNITIES THAT CARE COALITION,342064367,(P) Human Services,Director,X,na
141,36212,MARK GORACY,CORTLAND COLLEGE ALUMNI ASS INC,150508031,no_NTEE,DIRECTOR,X,na
422,51769,MARK HAHN,CORTLAND MEMORIAL FOUNDATION IND C O CORTLAND MEMORIAL HOSPITAL INC,222230692,(E) Health Care,DIRECTOR,X,na
1,18383,MARK HARRINGTON,1890 HOUSE MUSEUM AND CENTER FOR THE ARTS,132951986,"(A) Arts, Culture & Humanities",BD MEMBER,X,na
234,35992,MARK NASH,CORTLAND COUNTRY CLUB INC,150279005,no_NTEE,BOARD MEMBER,X,na
136,36212,MARK PERLMAN,CORTLAND COLLEGE ALUMNI ASS INC,150508031,no_NTEE,DIRECTOR,X,na
18,44398,MARK PIERCE,CENTRAL NEW YORK COALITION FOR HEALTHY INDOOR AIR INC,161595108,(C) Environment,ICO,,
566,36287,MARK RAYMOND,GUTHRIE CORTLAND MEDICAL CENTER,150532079,(E) Health Care,TREASURER - DIR. (TERM 1/1/23),X,X
460,38651,MARK RE,CORTLAND REPERTORY THEATRE INC,161004610,no_NTEE,BOARD MEMBER,X,na
464,38651,MARK REYNOLDS,CORTLAND REPERTORY THEATRE INC,161004610,no_NTEE,Vice President,X,X
248,38548,MARK SKODZINSKY,CORTLAND COUNTY BOARD REALTORS INC,160987063,no_NTEE,DIRECTOR,na,na
108,68742,MARK WEBSTER,CORTLAND AREA COMMUNITIES THAT CARE COALITION,342064367,(P) Human Services,VICE CHAIR,X,X
381,36601,MARK WEBSTER,CORTLAND FREE LIBRARY INC,150569362,(B) Education,Treasurer,X,X
45,36518,MARK YACAVONE,AUXILIARY SERVICES CORPORATION OF SUNY CORTLAND,150548524,(B) Education,DIRECTOR,X,na
307,38653,MARTHA ALLEN,CORTLAND COUNTY COMMUNITY ACTION PROGRAM INC,161004653,(P) Human Services,FISCAL DIRECTOR,na,X
485,57460,MARTHA BECK,CULTURAL COUNCIL OF CORTLAND COUNTY INC,237269008,no_NTEE,PRESIDENT,na,na
75,86760,MARTIN LEWIS,COUNTY POLICE ASSOCIATION OF CORTLAND INC,680511169,(J) Employment,ICO,,
301,38653,MARY BETH MATHEY,CORTLAND COUNTY COMMUNITY ACTION PROGRAM INC,161004653,(P) Human Services,BOARD MEMBER,X,na
303,38653,MARY BLISS,CORTLAND COUNTY COMMUNITY ACTION PROGRAM INC,161004653,(P) Human Services,BOARD MEMBER,X,na
711,44509,MARY COYE-ROBILLARD,SEVEN VALLEYS HEALTH COALITION INC,161600893,(E) Health Care,BOARD MEMBER,X,na
64,85551,MARY E LEONARD,CORTLAND MAIN STREET MUSIC SERIES,571176369,"(A) Arts, Culture & Humanities",ICO,,
419,51769,MARY ELLEN BLOODGOOD,CORTLAND MEMORIAL FOUNDATION IND C O CORTLAND MEMORIAL HOSPITAL INC,222230692,(E) Health Care,DIRECTOR,X,na
812,36391,MARY ELLEN BLOODGOOD,YOUNG WOMENS CHRISTIAN ASSOCIATION,150536617,(P) Human Services,Trustee,X,na
793,36391,MARY KATE MORRIS,YOUNG WOMENS CHRISTIAN ASSOCIATION,150536617,(P) Human Services,BOARD MEMBER,X,na
572,42349,MARY KIMBERLY,HOSPICE FOUNDATION OF CORTLAND COUNTY INC,161468911,"(T) Philanthropy, Voluntarism & Grantmaking Foundations",Director,X,na
553,36287,MARY L WRIGHT,GUTHRIE CORTLAND MEDICAL CENTER,150532079,(E) Health Care,VP NURSING/CNO (TERMED),na,na
794,36391,MARY LEE MARTENS,YOUNG WOMENS CHRISTIAN ASSOCIATION,150536617,(P) Human Services,BOARD MEMBER,X,na
724,39411,MARY LYNN,STATEWIDE COUNTRY MUSIC ASSOCIATION INC,161132390,"(A) Arts, Culture & Humanities",TREASURER,na,X
492,98817,MARY MCNEIL,DAN AND ROSE MCNEIL FOUNDATION INC,833255297,"(A) Arts, Culture & Humanities",DIRECTOR,na,na
506,38462,MARYANN K JOHNSON,FAMILY COUNSELING SERVICES OF CORTLAND COUNTY INC,160975006,(F) Mental Health & Crisis Intervention,BOARD VICE PRESIDENT,X,X
799,36391,MARYANN KRYGER,YOUNG WOMENS CHRISTIAN ASSOCIATION,150536617,(P) Human Services,Secretary,X,X
397,40168,MARYBETH AUSTIN,CORTLAND LOAVES & FISHES INC,161236737,"(K) Food, Agriculture & Nutrition",Director,X,na
466,105037,MARYFAITH DECKER,CORTLAND REUSE INC,853825876,(J) Employment,VICE PRESIDENT,na,na
774,36375,MATT COATES,YOUNG MENS CHRISTIAN ASSOCIATION CORTLAND,150533570,(P) Human Services,BOARD MEMBER,X,na
647,60788,MATT MADDEN,LITTLE LEAGUE BASEBALL INC,261684182,no_NTEE,PLAYER DEVELOPMENT DIRECTOR,na,na
187,38505,MATTHEW FANELLI,CORTLAND COLLEGE FOUNDATION INC,160979814,no_NTEE,DIRECTOR,X,na
563,36287,MATTHEW NEUMAN,GUTHRIE CORTLAND MEDICAL CENTER,150532079,(E) Health Care,DIRECTOR,X,na
15,60464,MATTHEW R NEUMAN ATTORNEY,BROCKWAY TRUCK PRESERVATION ASSOCIATION,261329102,"(A) Arts, Culture & Humanities",ICO,,
99,68742,MATTHEW WHITMAN,CORTLAND AREA COMMUNITIES THAT CARE COALITION,342064367,(P) Human Services,EXECUTIVE DIRECTOR,na,na
85,104524,MATTHEW YOUNG,FINCH RESEARCH NETWORK INC,853093400,(D) Animal-Related,ICO,,
749,45816,MEGAN LEACH,UNITED WAY FOR CORTLAND COUNTY INC,166058903,"(T) Philanthropy, Voluntarism & Grantmaking Foundations",Director,X,na
499,42213,MEGAN MORGAN,FAMILY CONNECTION,161458794,(P) Human Services,Secretary,X,X
498,42213,MEGAN STEVENS,FAMILY CONNECTION,161458794,(P) Human Services,President,X,X
299,38653,MELISSA ALVORD,CORTLAND COUNTY COMMUNITY ACTION PROGRAM INC,161004653,(P) Human Services,BOARD MEMBER,X,na
672,56342,MELISSA H BIREN,NATIONAL ACADEMY OF ARBITRATORS,237126791,no_NTEE,DIRECTOR,X,na
531,75520,MELISSA HOLL,FRIENDS OF THE CORTLAND COUNTY CHILD ADVOCACY CENTER INC,462277341,(F) Mental Health & Crisis Intervention,SECRETARY,na,na
656,53611,MELISSA MCDERMOTT,MENTAL HEALTH ASSOCIATION FOR CORTLAND COUNTY,222839556,no_NTEE,Secretary,na,na
351,58859,MELISSA QUINLAN,CORTLAND COUNTY YOUTH HOCKEY ASSOCIATION INC,237424765,(N) Recreation & Sports,SCHEDULER,na,na
20,92726,MENACHEM HECHT,CHABAD AT CORTLAND INC,820820640,(X) Religion-Related,ICO,,
578,42349,MERLE MCKOWN,HOSPICE FOUNDATION OF CORTLAND COUNTY INC,161468911,"(T) Philanthropy, Voluntarism & Grantmaking Foundations",Director,X,na
818,36391,MERLE MCKOWN,YOUNG WOMENS CHRISTIAN ASSOCIATION,150536617,(P) Human Services,Trustee,X,na
121,36212,MICHAEL BOVINO,CORTLAND COLLEGE ALUMNI ASS INC,150508031,no_NTEE,DIRECTOR,X,na
188,38505,MICHAEL CAPPETO,CORTLAND COLLEGE FOUNDATION INC,160979814,no_NTEE,DIRECTOR,X,na
753,45816,MICHAEL HOOSE,UNITED WAY FOR CORTLAND COUNTY INC,166058903,"(T) Philanthropy, Voluntarism & Grantmaking Foundations",2nd VP,X,X
754,45816,MICHAEL HUDON,UNITED WAY FOR CORTLAND COUNTY INC,166058903,"(T) Philanthropy, Voluntarism & Grantmaking Foundations",Director,X,na
600,38243,MICHAEL KILMER,J M MURRAY CENTER INC,160919050,(J) Employment,TREASURER,X,X
783,36375,MICHAEL MAY,YOUNG MENS CHRISTIAN ASSOCIATION CORTLAND,150533570,(P) Human Services,BOARD MEMBER,X,na
249,42239,MICHAEL MCMAHON,CORTLAND COUNTY BUSINESS DEVELOPMENT CORPORATION,161461027,no_NTEE,CHAIRMAN,X,X
107,75260,MICHAEL PETRELLA,KNIGHTS OF COLUMBUS,461858337,no_NTEE,ICO,,
404,85551,MICHAEL ROSENTHAL,CORTLAND MAIN STREET MUSIC SERIES,571176369,"(A) Arts, Culture & Humanities",TREASURER,na,na
189,38505,MICHAEL TOTA,CORTLAND COLLEGE FOUNDATION INC,160979814,no_NTEE,DIRECTOR,X,na
40,76821,MICHAEL WELLS,CORTLAND COMMUNITY GROUP INC,463961694,(S) Community Improvement & Capacity Building,ICO,,
722,39411,MICHAEL WHITMARSH,STATEWIDE COUNTRY MUSIC ASSOCIATION INC,161132390,"(A) Arts, Culture & Humanities",VICE PRESIDENT,na,X
447,38651,MICHELE BALL,CORTLAND REPERTORY THEATRE INC,161004610,no_NTEE,BOARD MEMBER,X,na
467,105037,MICHELE GRAVEL,CORTLAND REUSE INC,853825876,(J) Employment,SECRETARYTREASURER,na,na
65,51769,MICHELE SISTO,CORTLAND MEMORIAL FOUNDATION IND C O CORTLAND MEMORIAL HOSPITAL INC,222230692,(E) Health Care,ICO,,
97,36287,MICHELE SISTO,GUTHRIE CORTLAND MEDICAL CENTER,150532079,(E) Health Care,ICO,,
458,38651,MICHELINA GIBBONS,CORTLAND REPERTORY THEATRE INC,161004610,no_NTEE,BOARD MEMBER,X,na
433,48247,MICHELLE ENRIGHT,CORTLAND REGIONAL SPORTS COUNCIL INC,201960550,(S) Community Improvement & Capacity Building,BOARD MEMBER,X,na
733,42886,MICHELLE ENRIGHT,THE GREAT CORTLAND PUMPKINFEST INC,161506254,(N) Recreation & Sports,BD MEMBER,X,na
308,42170,MICHELLE ENRIGHT,CORTLAND COUNTY CONVENTION & VISITORS BUREAU INC,161454737,(S) Community Improvement & Capacity Building,Executive Dir.,na,X
341,83650,MICHELLE HARLAN,CORTLAND COUNTY SOCIETY FOR THE PREVENTION OF CRUELTY TO ANIMALS,510244203,(D) Animal-Related,VICE PRESIDENT,X,X
371,36601,MIKE ANDERSON,CORTLAND FREE LIBRARY INC,150569362,(B) Education,Secretary,X,X
240,35992,MIKE DOUGHTY,CORTLAND COUNTRY CLUB INC,150279005,no_NTEE,BOARD MEMBER,X,na
814,36391,MIKE STAPLETON,YOUNG WOMENS CHRISTIAN ASSOCIATION,150536617,(P) Human Services,Trustee-Treasur,X,X
64,36004,MIKE TOMMEY,BENEVOLENT & PROTECTIVE ORDER OF ELKS OF THE USA,150298495,no_NTEE,TRUSTEE,X,X
434,48247,MIKE URTZ,CORTLAND REGIONAL SPORTS COUNCIL INC,201960550,(S) Community Improvement & Capacity Building,BOARD MEMBER,X,na
515,38462,MINDY GARDNER,FAMILY COUNSELING SERVICES OF CORTLAND COUNTY INC,160975006,(F) Mental Health & Crisis Intervention,BOARD MEMBER,X,na
758,45816,MISSIE HORTON,UNITED WAY FOR CORTLAND COUNTY INC,166058903,"(T) Philanthropy, Voluntarism & Grantmaking Foundations",Director,X,na
543,36287,MOHAMMAD ALI MD,GUTHRIE CORTLAND MEDICAL CENTER,150532079,(E) Health Care,DIRECTOR (TERM 3/1/23),X,na
312,42170,MOLLY REAGAN,CORTLAND COUNTY CONVENTION & VISITORS BUREAU INC,161454737,(S) Community Improvement & Capacity Building,BOARD MEMBER,X,na
406,85551,MOLLY REAGAN,CORTLAND MAIN STREET MUSIC SERIES,571176369,"(A) Arts, Culture & Humanities",VICE PRESIDENT,na,na
382,36601,MYRON WALTER,CORTLAND FREE LIBRARY INC,150569362,(B) Education,Trustee,X,na
425,48247,Machell Phelps,CORTLAND REGIONAL SPORTS COUNCIL INC,201960550,(S) Community Improvement & Capacity Building,Executive Direc,na,X
356,54486,Mark Dodds,CORTLAND COUNTY YOUTH SOCCER ASSOCIATION INC,223320358,no_NTEE,DIRECTOR OF REF,na,na
221,43807,Mark Masler,CORTLAND COMMUNITY FOUNDATION,161561037,"(T) Philanthropy, Voluntarism & Grantmaking Foundations",Director,X,na
476,35994,Mark Suben,CORTLAND RURAL CEMETERY,150279170,no_NTEE,Trustee,X,na
20,43730,Melissa Kiser,ACCESS TO INDEPENDENCE OF CORTLAND COUNTY INC,161557965,(B) Education,Board Member,X,na
95,43002,Melissa Norton,CIVIL SERVICE EMPLOYEES ASSOCIATION,161513551,no_NTEE,Vice President,na,na
582,36771,Michael E Franceschelli,INTERNATIONAL UNION UNITED AUTO AEROSPACE & AGRICULTURAL WORKERS,150623052,no_NTEE,Recording,na,X
19,43730,Michael Wells,ACCESS TO INDEPENDENCE OF CORTLAND COUNTY INC,161557965,(B) Education,Board Member,X,na
430,48247,Mick McDaniel,CORTLAND REGIONAL SPORTS COUNCIL INC,201960550,(S) Community Improvement & Capacity Building,Secretary,X,X
570,42349,NANCY FULLER,HOSPICE FOUNDATION OF CORTLAND COUNTY INC,161468911,"(T) Philanthropy, Voluntarism & Grantmaking Foundations",Secretary,X,X
139,36212,NANCY NISKIN SORBELLA,CORTLAND COLLEGE ALUMNI ASS INC,150508031,no_NTEE,DIRECTOR,X,na
513,38462,NANCY V NESTLERODE,FAMILY COUNSELING SERVICES OF CORTLAND COUNTY INC,160975006,(F) Mental Health & Crisis Intervention,BOARD MEMBER,X,na
575,42349,NANCY WAINWRIGHT,HOSPICE FOUNDATION OF CORTLAND COUNTY INC,161468911,"(T) Philanthropy, Voluntarism & Grantmaking Foundations",Director,X,na
139,39680,NANCY WILSON,SEVEN VALLEYS READING ASSOCIATION,161166897,(B) Education,ICO,,
564,36287,NASRIN PARVIZI,GUTHRIE CORTLAND MEDICAL CENTER,150532079,(E) Health Care,DIRECTOR,X,na
285,39681,NATHAN KRESSLER,CORTLAND COUNTY CHILD DEVELOPMENT DAY CARE PROGRAM INC,161167492,(P) Human Services,Director,X,na
55,36518,NICHOLE EDWARDS,AUXILIARY SERVICES CORPORATION OF SUNY CORTLAND,150548524,(B) Education,ASSOCIATE EXECUTIVE DIRECTOR,na,na
62,41604,NICK KLINE,CORTLAND JUNIOR-SENIOR H S ALUMNI ASSOC,161407526,(B) Education,ICO,,
245,38548,NICKI WYNN,CORTLAND COUNTY BOARD REALTORS INC,160987063,no_NTEE,NYSAR DIRECTOR,na,na
708,44509,NICOLE ANJESKI,SEVEN VALLEYS HEALTH COALITION INC,161600893,(E) Health Care,BOARD MEMBER/CHAIR,X,X
444,38651,NICOLE COTTONE,CORTLAND REPERTORY THEATRE INC,161004610,no_NTEE,President,X,X
277,35991,NICOLE COTTONE,CORTLAND COUNTY CHAMBER OF COMMERCE INC,150278960,no_NTEE,VICE CHAIR,X,X
755,45816,NICOLE COTTONE,UNITED WAY FOR CORTLAND COUNTY INC,166058903,"(T) Philanthropy, Voluntarism & Grantmaking Foundations",Director,X,na
113,107472,NICOLE DAVI,LITTLE TAGS FOUNDATION INC,870850886,(O) Youth Development,ICO,,
4,18383,NICOLE HOLLENBACK,1890 HOUSE MUSEUM AND CENTER FOR THE ARTS,132951986,"(A) Arts, Culture & Humanities",BD MEMBER,X,na
27,43002,NICOLE KOEKEBACKER,CIVIL SERVICE EMPLOYEES ASSOCIATION,161513551,no_NTEE,ICO,,
109,68742,NICOLE THOMAS,CORTLAND AREA COMMUNITIES THAT CARE COALITION,342064367,(P) Human Services,Director,X,na
317,42170,NIKI PITTSLEY,CORTLAND COUNTY CONVENTION & VISITORS BUREAU INC,161454737,(S) Community Improvement & Capacity Building,BOARD MEMBER,X,na
501,42213,NILSA MALDONADO-MENDEZ,FAMILY CONNECTION,161458794,(P) Human Services,BOARD MEMBER,X,na
786,36375,NOAH BECK,YOUNG MENS CHRISTIAN ASSOCIATION CORTLAND,150533570,(P) Human Services,EXECUTIVE DIRECTOR,na,X
709,44509,NOAH BECK,SEVEN VALLEYS HEALTH COALITION INC,161600893,(E) Health Care,BOARD MEMBER/VICE CHAIR (PART YEAR),X,X
13,73252,NONE,BILLY BIMBA GLOBAL MINISTRIES INC,454495541,(X) Religion-Related,ICO,,
201,51353,NORA SULLIVAN,CORTLAND COLLEGE FOUNDATIONPROPERTIES INC,208746984,(S) Community Improvement & Capacity Building,TREASURER,X,X
190,38505,NORA SULLIVAN,CORTLAND COLLEGE FOUNDATION INC,160979814,no_NTEE,TREASURER,X,X
97,43002,Nicole Koekebacker,CIVIL SERVICE EMPLOYEES ASSOCIATION,161513551,no_NTEE,Treasurer,na,na
42,36518,ODYSSEY BASSETT,AUXILIARY SERVICES CORPORATION OF SUNY CORTLAND,150548524,(B) Education,VICE PRESIDENT,X,X
214,38618,ODYSSEY BASSETT,CORTLAND COLLEGE STUDENT ASSOCIATION,160998593,(B) Education,DIRECTOR OF STUDENT ACTIVITIES BOARD,X,X
462,38651,OWEN THOMAS,CORTLAND REPERTORY THEATRE INC,161004610,no_NTEE,YOUTH MEMBER,X,na
44,36518,PAM SCHROEDER,AUXILIARY SERVICES CORPORATION OF SUNY CORTLAND,150548524,(B) Education,SECRETARY,X,X
732,42886,PAMELA WILLIAMS,THE GREAT CORTLAND PUMPKINFEST INC,161506254,(N) Recreation & Sports,BD MEMBER,X,na
735,42886,PATRICIA DAWSON,THE GREAT CORTLAND PUMPKINFEST INC,161506254,(N) Recreation & Sports,PRESIDENT,X,X
86,59428,PATRICIA HESS,FRATERNAL ORDER OF EAGLES,237592235,no_NTEE,ICO,,
161,40572,PATRICIA ROIGER,CORTLAND COLLEGE CHILDRENS CENTER,161292297,(P) Human Services,MEMBER,X,na
108,42363,PATRICIA ROIGER,LA LECHE LEAGUE INTERNATIONAL INC,161469890,no_NTEE,ICO,,
305,38653,PATRICIA SCHAAP,CORTLAND COUNTY COMMUNITY ACTION PROGRAM INC,161004653,(P) Human Services,BOARD MEMBER,X,na
442,38651,PATRICK FITZGERALD,CORTLAND REPERTORY THEATRE INC,161004610,no_NTEE,BOARD MEMBER,X,na
567,36287,PATRICK HAYES MD,GUTHRIE CORTLAND MEDICAL CENTER,150532079,(E) Health Care,DIRECTOR (TERM 1/1/23),X,na
461,38651,PATRICK LEACH,CORTLAND REPERTORY THEATRE INC,161004610,no_NTEE,BOARD MEMBER,X,na
274,35991,PATRICK WOODS,CORTLAND COUNTY CHAMBER OF COMMERCE INC,150278960,no_NTEE,BOARD CHAIR,X,X
6,61771,PATTI W FITZPATRICK,AMERICAN LEGION AUXILIARY,263340217,no_NTEE,ICO,,
254,42239,PAUL DRIES,CORTLAND COUNTY BUSINESS DEVELOPMENT CORPORATION,161461027,no_NTEE,DIRECTOR,X,na
542,36287,PAUL G VERVALIN,GUTHRIE CORTLAND MEDICAL CENTER,150532079,(E) Health Care,DIRECTOR - EVP/COO TGC,X,na
410,51769,PAUL G VERVALIN,CORTLAND MEMORIAL FOUNDATION IND C O CORTLAND MEMORIAL HOSPITAL INC,222230692,(E) Health Care,DIRECTOR - EVP/COO TGC,X,na
122,69321,PAUL J COMFORT,NEW APOSTOLIC CHURCH OF NORWICH NY,363408192,no_NTEE,ICO,,
123,69327,PAUL J COMFORT,NEW APOSTOLIC CHURCH OF SYRACUSE NY,363408556,no_NTEE,ICO,,
326,36546,PAUL LORENZO,CORTLAND COUNTY HISTORICAL SOCIETY -INC-,150555683,"(A) Arts, Culture & Humanities",Treasurer,X,X
530,75520,PAUL MARSHALL,FRIENDS OF THE CORTLAND COUNTY CHILD ADVOCACY CENTER INC,462277341,(F) Mental Health & Crisis Intervention,PRESDIENT,na,na
768,76383,PAULA MOORE-TREADWELL,YMCA OF CORTLAND PROPERTIES INC,463376307,(P) Human Services,PRESIDENT (PART YEAR),na,na
778,36375,PAULA MOORE-TREADWELL,YOUNG MENS CHRISTIAN ASSOCIATION CORTLAND,150533570,(P) Human Services,PRESIDENT (PART YEAR),X,X
302,38653,PENNY PRIGNON,CORTLAND COUNTY COMMUNITY ACTION PROGRAM INC,161004653,(P) Human Services,BOARD MEMBER,X,na
199,38505,PETER C PERKINS,CORTLAND COLLEGE FOUNDATION INC,160979814,no_NTEE,EXECUTIVE DIRECTOR (PART YEAR),na,X
204,51353,PETER C PERKINS,CORTLAND COLLEGE FOUNDATIONPROPERTIES INC,208746984,(S) Community Improvement & Capacity Building,EXECUTIVE DIRECTOR (PART YEAR),na,X
128,36212,PETER KACHRIS,CORTLAND COLLEGE ALUMNI ASS INC,150508031,no_NTEE,DIRECTOR,X,na
135,36212,PETER PERKINS,CORTLAND COLLEGE ALUMNI ASS INC,150508031,no_NTEE,DIRECTOR,X,na
795,36391,PHUONG-BINH DUONG,YOUNG WOMENS CHRISTIAN ASSOCIATION,150536617,(P) Human Services,BOARD MEMBER,X,na
225,43807,Pat Ryan,CORTLAND COMMUNITY FOUNDATION,161561037,"(T) Philanthropy, Voluntarism & Grantmaking Foundations",Treasurer,X,X
471,35994,Patricia Place,CORTLAND RURAL CEMETERY,150279170,no_NTEE,Trustee,X,na
618,59588,Patrick Manns,KEYSTONE JUNIOR RODEO ASSOCIATION,251883648,(N) Recreation & Sports,Treasurer,na,na
388,39395,Paul Slowey,CORTLAND HOUSING ASSISTANCE COUNCIL INC,161130177,(L) Housing & Shelter,Secretary,X,X
81,60464,Peter Grimm,BROCKWAY TRUCK PRESERVATION ASSOCIATION,261329102,"(A) Arts, Culture & Humanities",Trustee,na,na
759,45816,RACHEL BEARUP,UNITED WAY FOR CORTLAND COUNTY INC,166058903,"(T) Philanthropy, Voluntarism & Grantmaking Foundations",Treasurer,X,X
691,70345,RAFAEL GELY,NATIONAL ACADEMY OF ARBITRATORS RESEARCH & EDUCATION FOUNDATION,382613043,no_NTEE,DIRECTOR,X,na
659,56342,RANDI HAMMER ABRAMSKY,NATIONAL ACADEMY OF ARBITRATORS,237126791,no_NTEE,VICE PRESIDENT,X,X
801,36391,REGINA GRANTHAM,YOUNG WOMENS CHRISTIAN ASSOCIATION,150536617,(P) Human Services,BOARD MEMBER,X,na
54,36518,RENEE SYDOROWYCH,AUXILIARY SERVICES CORPORATION OF SUNY CORTLAND,150548524,(B) Education,EXECUTIVE DIRECTOR,na,na
557,36287,REV DAVID JOHNSON,GUTHRIE CORTLAND MEDICAL CENTER,150532079,(E) Health Care,VICE CHAIRMAN - DIRECTOR,X,X
278,35991,RIC OSBORNE,CORTLAND COUNTY CHAMBER OF COMMERCE INC,150278960,no_NTEE,VICE CHAIR,X,X
358,54486,RICH WAGNER,CORTLAND COUNTY YOUTH SOCCER ASSOCIATION INC,223320358,no_NTEE,Vice President,na,na
692,70345,RICHARD BALES,NATIONAL ACADEMY OF ARBITRATORS RESEARCH & EDUCATION FOUNDATION,382613043,no_NTEE,DIRECTOR,X,na
653,53611,RICHARD BUSH,MENTAL HEALTH ASSOCIATION FOR CORTLAND COUNTY,222839556,no_NTEE,Treasurer,na,na
533,86217,RICHARD CHURCH,GRANGE PATRONS OF HUSBANDRY NEW YORK STATE GRANGE INC,611699456,no_NTEE,BOARD CHAIRM,na,X
41,36518,RICHARD COYNE,AUXILIARY SERVICES CORPORATION OF SUNY CORTLAND,150548524,(B) Education,PRESIDENT,X,X
205,51353,RICHARD COYNE,CORTLAND COLLEGE FOUNDATIONPROPERTIES INC,208746984,(S) Community Improvement & Capacity Building,EXECUTIVE DIRECTOR,na,X
198,38505,RICHARD COYNE,CORTLAND COLLEGE FOUNDATION INC,160979814,no_NTEE,EXECUTIVE DIRECTOR,na,X
138,44509,RICHARD J ELLIOT,SEVEN VALLEYS HEALTH COALITION INC,161600893,(E) Health Care,ICO,,
28,36701,RICHARD NAUSEEF,AMERICAN LEGION,150610966,no_NTEE,1ST VICE TREASURER,na,X
5,36701,RICHARD NAUSEEF,AMERICAN LEGION,150610966,no_NTEE,ICO,,
335,36546,RICHARD PENOYER,CORTLAND COUNTY HISTORICAL SOCIETY -INC-,150555683,"(A) Arts, Culture & Humanities",Trustee,X,na
495,51988,RICHARD WOODROW,DISABLED VETS OF CORTLAND COUNTY,222315953,(W) Public & Societal Benefit,PRESIDENT,na,X
525,35995,ROBERT BEVRIDGE,FREE & ACCEPTED MASONS OF NEW YORK,150279245,no_NTEE,TRUSTEE,X,na
340,83650,ROBERT BITTNER,CORTLAND COUNTY SOCIETY FOR THE PREVENTION OF CRUELTY TO ANIMALS,510244203,(D) Animal-Related,PRESIDENT,X,X
191,38505,ROBERT BOOKMAN,CORTLAND COLLEGE FOUNDATION INC,160979814,no_NTEE,DIRECTOR,X,na
260,42239,ROBERT EDWARDS,CORTLAND COUNTY BUSINESS DEVELOPMENT CORPORATION,161461027,no_NTEE,DIRECTOR,X,na
329,36546,ROBERT FERRIS,CORTLAND COUNTY HISTORICAL SOCIETY -INC-,150555683,"(A) Arts, Culture & Humanities",Trustee,X,na
279,35991,ROBERT HAIGHT,CORTLAND COUNTY CHAMBER OF COMMERCE INC,150278960,no_NTEE,EXECUTIVE DIRECTOR,na,X
396,40168,ROBERT M SHAFER,CORTLAND LOAVES & FISHES INC,161236737,"(K) Food, Agriculture & Nutrition",Treasurer,X,X
33,29419,ROBERT O GORMAN,AUTOMOTIVE LIFT INSTITUTE INC,136162018,no_NTEE,na,na,na
137,36212,ROBERT RUSSELL,CORTLAND COLLEGE ALUMNI ASS INC,150508031,no_NTEE,DIRECTOR,X,na
52,36518,ROBERT RUSSELL,AUXILIARY SERVICES CORPORATION OF SUNY CORTLAND,150548524,(B) Education,DIRECTOR,X,na
554,36287,ROBIN CATALDO,GUTHRIE CORTLAND MEDICAL CENTER,150532079,(E) Health Care,SR. DIRECTOR/CFO (EFF 1/1/23),na,X
161,40670,ROBYN HAYES,ZONTA INTERNATIONAL,161305817,no_NTEE,ICO,,
236,35992,RON CASE,CORTLAND COUNTRY CLUB INC,150279005,no_NTEE,BOARD MEMBER,X,na
115,36212,RONNIE GENEE,CORTLAND COLLEGE ALUMNI ASS INC,150508031,no_NTEE,ASSISTANT VICE PRESIDENT,X,X
402,40168,ROSE BERGERON,CORTLAND LOAVES & FISHES INC,161236737,"(K) Food, Agriculture & Nutrition",Secretary,X,X
693,70345,ROSEMARY PYE,NATIONAL ACADEMY OF ARBITRATORS RESEARCH & EDUCATION FOUNDATION,382613043,no_NTEE,DIRECTOR,X,na
671,56342,RUBEN R ARMENDARIZ,NATIONAL ACADEMY OF ARBITRATORS,237126791,no_NTEE,DIRECTOR,X,na
700,114354,RUSSELL PAULSEN,SEAHORSE FOUNDATION INC,920495583,(S) Community Improvement & Capacity Building,President,na,na
137,114354,RUSSELL PAULSEN,SEAHORSE FOUNDATION INC,920495583,(S) Community Improvement & Capacity Building,ICO,,
233,35992,RUTH ANN WOOD,CORTLAND COUNTRY CLUB INC,150279005,no_NTEE,BOARD MEMBER,X,na
537,86217,RYAN ORTON,GRANGE PATRONS OF HUSBANDRY NEW YORK STATE GRANGE INC,611699456,no_NTEE,SECRETARY,na,X
583,36771,Richard P Westendorf,INTERNATIONAL UNION UNITED AUTO AEROSPACE & AGRICULTURAL WORKERS,150623052,no_NTEE,Trustee,X,X
79,60464,Richard Zigmont,BROCKWAY TRUCK PRESERVATION ASSOCIATION,261329102,"(A) Arts, Culture & Humanities",Trustee,na,na
620,59588,Robert Fedder,KEYSTONE JUNIOR RODEO ASSOCIATION,251883648,(N) Recreation & Sports,Director,na,na
78,60464,Robert Messersmith,BROCKWAY TRUCK PRESERVATION ASSOCIATION,261329102,"(A) Arts, Culture & Humanities",Trustee,na,na
80,60464,Ross Vleck,BROCKWAY TRUCK PRESERVATION ASSOCIATION,261329102,"(A) Arts, Culture & Humanities",Trustee,na,na
352,54486,SAMANTHA PACKER,CORTLAND COUNTY YOUTH SOCCER ASSOCIATION INC,223320358,no_NTEE,Sec & Registrar,na,na
296,38653,SARAH BESHERS,CORTLAND COUNTY COMMUNITY ACTION PROGRAM INC,161004653,(P) Human Services,BOARD MEMBER,X,na
664,56342,SARAH KERR GARRATY,NATIONAL ACADEMY OF ARBITRATORS,237126791,no_NTEE,DIRECTOR (PART YEAR),X,na
316,42170,SAVANNAH HEMPSTEAD,CORTLAND COUNTY CONVENTION & VISITORS BUREAU INC,161454737,(S) Community Improvement & Capacity Building,BOARD MEMBER,X,na
727,42886,SAVANNAH HEMPSTEAD,THE GREAT CORTLAND PUMPKINFEST INC,161506254,(N) Recreation & Sports,BD MEMBER,X,na
5,18383,SCOTT GAY,1890 HOUSE MUSEUM AND CENTER FOR THE ARTS,132951986,"(A) Arts, Culture & Humanities",BD MEMBER,X,na
438,48247,SCOTT STEVE,CORTLAND REGIONAL SPORTS COUNCIL INC,201960550,(S) Community Improvement & Capacity Building,BOARD MEMBER,X,na
395,40168,SEAN MACK,CORTLAND LOAVES & FISHES INC,161236737,"(K) Food, Agriculture & Nutrition",Vice President,X,X
265,35991,SEAN SMITH,CORTLAND COUNTY CHAMBER OF COMMERCE INC,150278960,no_NTEE,DIRECTOR,X,na
349,58859,SHANNON SPAULDING,CORTLAND COUNTY YOUTH HOCKEY ASSOCIATION INC,237424765,(N) Recreation & Sports,President,na,na
414,51769,SHEILA OSSIT,CORTLAND MEMORIAL FOUNDATION IND C O CORTLAND MEMORIAL HOSPITAL INC,222230692,(E) Health Care,EXECUTIVE DIRECTOR,na,X
291,38653,SHELLEY WARNOW,CORTLAND COUNTY COMMUNITY ACTION PROGRAM INC,161004653,(P) Human Services,BOARD PRESIDENT,X,X
192,38505,SHERI GLASER BARON,CORTLAND COLLEGE FOUNDATION INC,160979814,no_NTEE,CO-CHAIR,X,na
679,56342,SHERRIE ROSE TALMADGE,NATIONAL ACADEMY OF ARBITRATORS,237126791,no_NTEE,DIRECTOR,X,na
486,57460,SHERRY DANS,CULTURAL COUNCIL OF CORTLAND COUNTY INC,237269008,no_NTEE,VICE PRESIDE,na,na
128,59265,SHIRLEY RANDOLPH,ORDER OF EASTERN STAR OF NEW YORK,237550071,no_NTEE,ICO,,
168,38505,SODETTE PLUNKETT,CORTLAND COLLEGE FOUNDATION INC,160979814,no_NTEE,DIRECTOR,X,na
13,18383,STACEY WILLIAM,1890 HOUSE MUSEUM AND CENTER FOR THE ARTS,132951986,"(A) Arts, Culture & Humanities",PRESIDENT,X,X
167,38505,STANLEY CADET,CORTLAND COLLEGE FOUNDATION INC,160979814,no_NTEE,DIRECTOR,X,na
141,1285,STEPHANIE DENSMORE,SONS OF ITALY IN AMERICA,43658949,(Z) Unknown,ICO,,
162,40572,STEPHANIE FRITZ,CORTLAND COLLEGE CHILDRENS CENTER,161292297,(P) Human Services,EXECUTIVE DIRECTOR,na,X
561,36287,STEPHANIE KOSLOWSKI,GUTHRIE CORTLAND MEDICAL CENTER,150532079,(E) Health Care,DIRECTOR,X,na
127,91150,STEPHEN C COYE,NEW YORK STATE GRANGE EDUCATIONAL AND CULTURAL FOUNCATIION INC,813787558,(B) Education,ICO,,
612,108324,STEPHEN COMPAGNI,J M MURRAY FOUNDATION INC,872094810,(P) Human Services,PRESIDENT,X,X
251,42239,STEPHEN COMPAGNI,CORTLAND COUNTY BUSINESS DEVELOPMENT CORPORATION,161461027,no_NTEE,VICE CHAIRMAN,X,X
534,86217,STEPHEN COYE,GRANGE PATRONS OF HUSBANDRY NEW YORK STATE GRANGE INC,611699456,no_NTEE,PRESIDENT,na,X
193,38505,STEPHEN FRANCO,CORTLAND COLLEGE FOUNDATION INC,160979814,no_NTEE,DIRECTOR,X,na
597,38243,STEPHEN FRANCO,J M MURRAY CENTER INC,160919050,(J) Employment,VICE CHAIR,X,X
596,38243,STEPHEN GEIBEL,J M MURRAY CENTER INC,160919050,(J) Employment,DIRECTOR,X,na
35,29419,STET SCHANZE,AUTOMOTIVE LIFT INSTITUTE INC,136162018,no_NTEE,Director,X,X
10,18383,STEVE RYAN,1890 HOUSE MUSEUM AND CENTER FOR THE ARTS,132951986,"(A) Arts, Culture & Humanities",SECRETARY,X,X
355,54486,STEVE WALIGURSKI,CORTLAND COUNTY YOUTH SOCCER ASSOCIATION INC,223320358,no_NTEE,FIELDS & EQUIP,na,na
641,60788,STEVE WOODARD,LITTLE LEAGUE BASEBALL INC,261684182,no_NTEE,PRESIDENT,na,na
112,60788,STEVE WOODARD,LITTLE LEAGUE BASEBALL INC,261684182,no_NTEE,ICO,,
4,119027,STEVEN NANN,AMERICAN FEDERATION OF TEACHERS,990725348,no_NTEE,ICO,,
7,42029,SUE CONNELLY,AMERICAN VOLKSSPORT ASSOCIATION INC,161445103,no_NTEE,ICO,,
817,36391,SUE SHERMAN-BROYLES,YOUNG WOMENS CHRISTIAN ASSOCIATION,150536617,(P) Human Services,TRUSTEE SEC,X,X
53,105510,SUJATA GIBSON,CORTLAND COUNTY MUTUAL AID INC,854388711,(S) Community Improvement & Capacity Building,ICO,,
36,38505,SUNY CORTLAND,CORTLAND COLLEGE FOUNDATION INC,160979814,no_NTEE,ICO,,
3,85879,SUNY CORTLAND,ALPHA PHI OMEGA,593837821,no_NTEE,ICO,,
790,36391,SUSAN CERRETANI,YOUNG WOMENS CHRISTIAN ASSOCIATION,150536617,(P) Human Services,BOARD MEMBER,X,na
669,56342,SUSAN L STEWART,NATIONAL ACADEMY OF ARBITRATORS,237126791,no_NTEE,PRESIDENT/PAST PRESIDENT,X,X
238,35992,SUSAN SUBEN,CORTLAND COUNTRY CLUB INC,150279005,no_NTEE,Secretary,X,X
802,36391,SUSAN WILLIAMS,YOUNG WOMENS CHRISTIAN ASSOCIATION,150536617,(P) Human Services,BOARD MEMBER,X,na
706,44509,SUSAN WILSON,SEVEN VALLEYS HEALTH COALITION INC,161600893,(E) Health Care,BOARD MEMBER,X,na
120,65668,SUZANNA DILLION,NATIONAL CONSORTIUM FOR PHYSICAL EDUCATION FOR INDIVIDUALS WITH DIS,274000249,(B) Education,ICO,,
808,36391,SUZETTE PACE,YOUNG WOMENS CHRISTIAN ASSOCIATION,150536617,(P) Human Services,BOARD MEMBER,X,na
474,35994,Sara Keeney,CORTLAND RURAL CEMETERY,150279170,no_NTEE,Trustee,X,na
473,35994,Sarah Walter,CORTLAND RURAL CEMETERY,150279170,no_NTEE,Trustee,X,na
479,35994,Scott Gay,CORTLAND RURAL CEMETERY,150279170,no_NTEE,Secretary,X,X
384,39395,Shawna Grinnell,CORTLAND HOUSING ASSISTANCE COUNCIL INC,161130177,(L) Housing & Shelter,Executive Dir.,na,X
72,60464,Shirley Randolph,BROCKWAY TRUCK PRESERVATION ASSOCIATION,261329102,"(A) Arts, Culture & Humanities",Treasurer,na,na
74,60464,Stan Augustine,BROCKWAY TRUCK PRESERVATION ASSOCIATION,261329102,"(A) Arts, Culture & Humanities",Trustee,na,na
621,59588,Stephanie Hollenbach,KEYSTONE JUNIOR RODEO ASSOCIATION,251883648,(N) Recreation & Sports,Director,na,na
216,43807,Stephen Franco,CORTLAND COMMUNITY FOUNDATION,161561037,"(T) Philanthropy, Voluntarism & Grantmaking Foundations",Vice President,X,X
389,39395,Steven Brown,CORTLAND HOUSING ASSISTANCE COUNCIL INC,161130177,(L) Housing & Shelter,Treasurer,X,X
92,49052,Susan Ficarro,CENTRAL NEW YORK SPAY NEUTER ASSISTANCE PROGRAM CNY SNAP,203322730,(D) Animal-Related,Secretary,X,X
123,36212,T PETER DADY,CORTLAND COLLEGE ALUMNI ASS INC,150508031,no_NTEE,DIRECTOR,X,na
322,42170,TABITHA SCOVILLE,CORTLAND COUNTY CONVENTION & VISITORS BUREAU INC,161454737,(S) Community Improvement & Capacity Building,Vice President,X,X
323,36546,TABITHA SCOVILLE,CORTLAND COUNTY HISTORICAL SOCIETY -INC-,150555683,"(A) Arts, Culture & Humanities",Director,na,X
318,42170,TAMMY TIMMERMAN,CORTLAND COUNTY CONVENTION & VISITORS BUREAU INC,161454737,(S) Community Improvement & Capacity Building,Treasurer,X,X
320,42170,TANYA MAGGS,CORTLAND COUNTY CONVENTION & VISITORS BUREAU INC,161454737,(S) Community Improvement & Capacity Building,BOARD MEMBER,X,na
346,58859,TARA WETHERELL,CORTLAND COUNTY YOUTH HOCKEY ASSOCIATION INC,237424765,(N) Recreation & Sports,Treasurer,na,na
213,38618,TATUM PITTMAN,CORTLAND COLLEGE STUDENT ASSOCIATION,160998593,(B) Education,"DIRECTOR OF DIVERSITY, EQUITY, AND INCLUSION",X,X
80,88067,TERI H WOOD,DEPARTMENT OF NEW YORK VFW AUXILIARY,800405233,(W) Public & Societal Benefit,ICO,,
398,40168,TERRY CAHILL,CORTLAND LOAVES & FISHES INC,161236737,"(K) Food, Agriculture & Nutrition",Director,X,na
0,18383,TERRY MINGLE,1890 HOUSE MUSEUM AND CENTER FOR THE ARTS,132951986,"(A) Arts, Culture & Humanities",BD MEMBER,X,na
60,36004,THERESA QUAIL,BENEVOLENT & PROTECTIVE ORDER OF ELKS OF THE USA,150298495,no_NTEE,1ST VICE PRESIDENT,X,X
436,48247,THERESA WILSON,CORTLAND REGIONAL SPORTS COUNCIL INC,201960550,(S) Community Improvement & Capacity Building,Treasurer,X,X
124,36212,THERNO DIALLO,CORTLAND COLLEGE ALUMNI ASS INC,150508031,no_NTEE,DIRECTOR,X,na
394,40168,THOMAS CAMINITI,CORTLAND LOAVES & FISHES INC,161236737,"(K) Food, Agriculture & Nutrition",President,X,X
403,40168,THOMAS CANNON,CORTLAND LOAVES & FISHES INC,161236737,"(K) Food, Agriculture & Nutrition",DIRECTOR,X,na
229,47554,THOMAS DUMAS,CORTLAND COMMUNITY SERVICE CLUB INC,200809584,"(T) Philanthropy, Voluntarism & Grantmaking Foundations",Secretary,na,na
217,43807,THOMAS E GALLAGHER,CORTLAND COMMUNITY FOUNDATION,161561037,"(T) Philanthropy, Voluntarism & Grantmaking Foundations",President,X,X
451,38651,THOMAS KNOBEL,CORTLAND REPERTORY THEATRE INC,161004610,no_NTEE,BOARD MEMBER,X,na
503,42213,THOMAS LICKONA,FAMILY CONNECTION,161458794,(P) Human Services,BOARD MEMBER,X,na
142,84028,THOMAS MARRETTA,ST MAXIMUS THE CONFESSOR ORTHODOX CHRISTIAN PARISH INC,510662229,(X) Religion-Related,ICO,,
148,113820,THOMAS SORENSEN,TOASTMASTERS INTERNATIONAL,901504057,no_NTEE,ICO,,
31,36701,THOMAS THOMPSON,AMERICAN LEGION,150610966,no_NTEE,COMMANDER,na,X
595,38243,THOMAS TURCK,J M MURRAY CENTER INC,160919050,(J) Employment,CHAIR,X,X
35,40572,THURLOW,CORTLAND COLLEGE CHILDRENS CENTER,161292297,(P) Human Services,ICO,,
777,36375,TIM HERMAN,YOUNG MENS CHRISTIAN ASSOCIATION CORTLAND,150533570,(P) Human Services,TREASURER,X,X
766,76383,TIM HERMAN,YMCA OF CORTLAND PROPERTIES INC,463376307,(P) Human Services,TREASURER,na,na
119,36212,TIMOTHY BENNETT,CORTLAND COLLEGE ALUMNI ASS INC,150508031,no_NTEE,DIRECTOR,X,na
116,36212,TIMOTHY SOUTHERTON,CORTLAND COLLEGE ALUMNI ASS INC,150508031,no_NTEE,SECRETARY,X,X
143,36212,TIMOTHY THOMPSON,CORTLAND COLLEGE ALUMNI ASS INC,150508031,no_NTEE,DIRECTOR,X,na
2,49916,TINA CAVALIER,AFRICA READS INC,204703107,"(Q) International, Foreign Affairs & National Security",ICO,,
133,36212,TITILAYO MORGAN,CORTLAND COLLEGE ALUMNI ASS INC,150508031,no_NTEE,DIRECTOR,X,na
642,60788,TJ GRIFFIN,LITTLE LEAGUE BASEBALL INC,261684182,no_NTEE,VICE PRESIDENT,na,na
408,85551,TOM PASQUARELLO,CORTLAND MAIN STREET MUSIC SERIES,571176369,"(A) Arts, Culture & Humanities",BOARD MEMBER,na,na
267,35991,TOM TURCK,CORTLAND COUNTY CHAMBER OF COMMERCE INC,150278960,no_NTEE,DIRECTOR,X,na
645,60788,TONY DERADO,LITTLE LEAGUE BASEBALL INC,261684182,no_NTEE,INFORMATION OFFICER,na,na
138,36212,TORI MAZZEI STEPANOV,CORTLAND COLLEGE ALUMNI ASS INC,150508031,no_NTEE,DIRECTOR,X,na
804,36391,TRACY HUDSON,YOUNG WOMENS CHRISTIAN ASSOCIATION,150536617,(P) Human Services,BOARD MEMBER,X,na
246,38548,TRACY KOENIG,CORTLAND COUNTY BOARD REALTORS INC,160987063,no_NTEE,DIRECTOR,na,na
17,114554,TRAVIS MACDOWELL,CENTRAL NEW YORK ACTION SPORTS INC,920791511,(N) Recreation & Sports,ICO,,
87,114554,TRAVIS MACDOWELL,CENTRAL NEW YORK ACTION SPORTS INC,920791511,(N) Recreation & Sports,PRESIDENT,X,X
354,54486,TREVER NORMAN,CORTLAND COUNTY YOUTH SOCCER ASSOCIATION INC,223320358,no_NTEE,DIRECTOR TRAVEL,na,na
523,38462,TRICIA REYNOLDS,FAMILY COUNSELING SERVICES OF CORTLAND COUNTY INC,160975006,(F) Mental Health & Crisis Intervention,DIRECTOR OF FINANCE,na,X
344,83650,TRISHA SHERMAN,CORTLAND COUNTY SOCIETY FOR THE PREVENTION OF CRUELTY TO ANIMALS,510244203,(D) Animal-Related,BOARD,X,na
314,42170,TY MARSHALL,CORTLAND COUNTY CONVENTION & VISITORS BUREAU INC,161454737,(S) Community Improvement & Capacity Building,BOARD MEMBER,X,na
587,36771,Thomas Reynolds,INTERNATIONAL UNION UNITED AUTO AEROSPACE & AGRICULTURAL WORKERS,150623052,no_NTEE,Trustee,X,X
586,36771,Todd W Ensign,INTERNATIONAL UNION UNITED AUTO AEROSPACE & AGRICULTURAL WORKERS,150623052,no_NTEE,Trustee,X,X
83,60464,Tom Kile,BROCKWAY TRUCK PRESERVATION ASSOCIATION,261329102,"(A) Arts, Culture & Humanities",President,na,na
276,35991,VAL VANGORDER,CORTLAND COUNTY CHAMBER OF COMMERCE INC,150278960,no_NTEE,VICE CHAIR,X,X
339,83650,VALARIE SHANK,CORTLAND COUNTY SOCIETY FOR THE PREVENTION OF CRUELTY TO ANIMALS,510244203,(D) Animal-Related,BOARD,X,na
360,49695,VALARIE VANGORDER,CORTLAND DOWNTOWN PARTNERSHIP INC,204296071,"(A) Arts, Culture & Humanities",VICE PRESIDENT,X,X
194,38505,VICTOR M RUMORE,CORTLAND COLLEGE FOUNDATION INC,160979814,no_NTEE,DIRECTOR,X,na
154,41986,VIRGIL TOWN HISTORIAN,VIRGIL HISTORICAL SOCIETY,161442517,"(A) Arts, Culture & Humanities",ICO,,
195,38505,VIRGINA MEYER CARTER,CORTLAND COLLEGE FOUNDATION INC,160979814,no_NTEE,DIRECTOR,X,na
88,35995,WADE A CALER,FREE & ACCEPTED MASONS OF NEW YORK,150279245,no_NTEE,ICO,,
694,70345,WALT DE TREUX,NATIONAL ACADEMY OF ARBITRATORS RESEARCH & EDUCATION FOUNDATION,382613043,no_NTEE,SECRETARY-TREASURER,X,X
661,56342,WALT DE TREUX,NATIONAL ACADEMY OF ARBITRATORS,237126791,no_NTEE,SECRETARY/TREASURER,X,X
119,70345,WALT DETREUX,NATIONAL ACADEMY OF ARBITRATORS RESEARCH & EDUCATION FOUNDATION,382613043,no_NTEE,ICO,,
707,44509,WALT PRIEST,SEVEN VALLEYS HEALTH COALITION INC,161600893,(E) Health Care,BOARD MEMBER,X,na
514,38462,WENDY YOUNGS,FAMILY COUNSELING SERVICES OF CORTLAND COUNTY INC,160975006,(F) Mental Health & Crisis Intervention,BOARD MEMBER,X,na
196,38505,WILLIAM C BAERTHLEIN,CORTLAND COLLEGE FOUNDATION INC,160979814,no_NTEE,DIRECTOR,X,na
232,35992,WILLIAM CHAMBERLAIN,CORTLAND COUNTRY CLUB INC,150279005,no_NTEE,Vice President,X,X
421,51769,WILLIAM CRANE,CORTLAND MEMORIAL FOUNDATION IND C O CORTLAND MEMORIAL HOSPITAL INC,222230692,(E) Health Care,DIRECTOR,X,na
677,56342,WILLIAM E HARTSFIELD,NATIONAL ACADEMY OF ARBITRATORS,237126791,no_NTEE,DIRECTOR,X,na
657,56342,WILLIAM MCKEE,NATIONAL ACADEMY OF ARBITRATORS,237126791,no_NTEE,PRESIDENT-ELECT,X,X
604,38243,WILLIAM MURPHY,J M MURRAY CENTER INC,160919050,(J) Employment,DIRECTOR,X,na
715,39411,WILLIAM WEISMORE,STATEWIDE COUNTRY MUSIC ASSOCIATION INC,161132390,"(A) Arts, Culture & Humanities",MEMBERSHIP DIRECTOR,X,na
472,35994,Warren Eddy,CORTLAND RURAL CEMETERY,150279170,no_NTEE,Trustee,X,na
585,36771,William F Young,INTERNATIONAL UNION UNITED AUTO AEROSPACE & AGRICULTURAL WORKERS,150623052,no_NTEE,President,na,X
